laptop_id,model_name,brand,price_inr,rating,cpu_brand,cpu_tier,cpu_generation,cpu_cores,cpu_threads,ram_gb,ram_type,ssd_gb,hdd_gb,display_size_in,resolution_label,resolution_px,touchscreen,gpu_model,gpu_vram_gb,gpu_dedicated,os,warranty_years
1,HP Victus 15-fb0157AX Gaming Laptop (AMD Ryzen 5 5600H/ 8GB/ 512GB SSD/ Win11/ 4GB Graph),HP,50399,70.0,AMD,Ryzen 5,5.0,6.0,12.0,8.0,DDR4,512,0,15.6,1920x1080,2073600.0,True,Radeon RX 6500M,4,True,Windows 11,1
2,Tecno Megabook T1 Laptop (11th Gen Core i3/ 8GB/ 512GB SSD/ Win11 Home),Tecno,23990,56.0,Intel,Core i3,11.0,2.0,4.0,8.0,LPDDR4,512,0,15.6,1920x1080,2073600.0,False,UHD Graphics,0,False,Windows 11,1
3,Lenovo V15 G4 ‎82YU00W7IN Laptop (AMD Ryzen 3 7320U/ 8GB/ 512GB SSD/ Win11 Home),Lenovo,26989,55.0,AMD,Ryzen 3,7.0,4.0,8.0,8.0,LPDDR5,512,0,15.6,1920x1080,2073600.0,False,Radeon Graphics,0,False,Windows 11,1
4,Samsung Galaxy Book2 Pro 13 Laptop (12th Gen Core i5/ 16GB/ 512GB SSD/ Win11),Samsung,69990,60.0,Intel,Core i5,12.0,12.0,16.0,16.0,LPDDR5,512,0,13.3,1080x1920,2073600.0,False,Iris Xe Graphics,0,False,Windows 11,1
5,Xiaomi Redmi G Pro 2024 Gaming Laptop (14th Gen Core i9/ 16GB/ 1TB SSD/ Win11 Home/ RTX 4060),Xiaomi,102990,78.0,Intel,Core i9,14.0,24.0,32.0,16.0,DDR5,1024,0,16.1,2560x1600,4096000.0,False,RTX 4060,8,True,Windows 11,1
6,HP 15s-fq5007TU Laptop (12th Gen Core i3/ 8GB/ 512GB SSD/ Win11 Home),HP,35990,55.0,Intel,Core i3,12.0,6.0,8.0,8.0,DDR4,512,0,15.6,1920x1080,2073600.0,False,UHD Graphics,0,False,Windows 11,1
7,Apple MacBook Air 2020 MGND3HN Laptop (Apple M1/ 8GB/ 256GB SSD/ MacOS),Apple,79990,,Apple,M1,,8.0,,8.0,DDR4,256,0,13.3,2560x1600,4096000.0,False,M1,0,False,Mac OS,1
8,Samsung Galaxy Book2 NP550XED-KA1IN 15 Laptop (12th Gen Core i5/ 8GB/ 512GB SSD/ Win11),Samsung,42990,54.0,Intel,Core i5,12.0,10.0,12.0,8.0,LPDDR4,512,0,15.6,1920x1080,2073600.0,False,Integrated,0,False,Windows 11,1
9,HP 15s-fq5330TU Laptop (12th Gen Core i5/ 16GB/ 512GB SSD/ Win11 Home),HP,54990,56.0,Intel,Core i5,12.0,10.0,12.0,16.0,DDR4,512,0,15.6,1920x1080,2073600.0,False,Integrated,0,False,Windows 11,1
10,HP Victus 15-fb1017AX Gaming Laptop (AMD Ryzen 5 7535HS/ 16GB/ 512GB SSD/ Win11/ 4GB Graph),HP,56490,69.0,AMD,Ryzen 5,7.0,6.0,12.0,16.0,DDR5,512,0,15.6,1920x1080,2073600.0,False,RTX 2050,4,True,Windows 11,1
11,Wings Nuvobook V1 Laptop (11th Gen Core i5/ 8GB/ 512GB SSD/ Win11),Other,24990,51.0,Intel,Core i5,11.0,4.0,8.0,8.0,DDR4,512,0,15.6,1080x1920,2073600.0,False,Integrated,0,False,Windows 11,1
12,Zebronics Pro Series Z ZEB-NBC 4S Laptop (12th Gen Core i5/ 16GB/ 512GB SSD/ Win11 Home),Other,32990,64.0,Intel,Core i5,12.0,10.0,12.0,16.0,DDR4,512,0,15.6,1920x1080,2073600.0,False,Integrated,0,False,Windows 11,1
13,Asus Vivobook 15 X1502ZA-EJ544WS Laptop (12th Gen Core i5/ 16GB/ 512GB SSD/ Win11),Asus,52990,59.0,Intel,Core i5,12.0,12.0,16.0,16.0,DDR4,512,0,15.6,1920x1080,2073600.0,False,Integrated,0,False,Windows 11,1
14,HP Victus 16-s0094AX Gaming Laptop (AMD Ryzen 7 7840HS/ 16GB/ 1TB SSD/ Win11/ 6GB Graph),HP,81990,73.0,AMD,Ryzen 7,7.0,8.0,16.0,16.0,DDR5,1024,0,16.1,1920x1080,2073600.0,False,RTX 3050,6,True,Windows 11,1
15,Apple MacBook Air 2024 Laptop (Apple M3/ 8GB/ 256GB SSD/ MacOS),Apple,114900,,Apple,M3,,8.0,,8.0,DDR4,256,0,13.6,2560x1664,4259840.0,False,M3,0,False,Mac OS,1
16,Dell Inspiron 3520 D560896WIN9B Laptop (12th Gen Core i3/ 8GB/ 512GB SSD/ Win11),Dell,33790,56.0,Intel,Core i3,12.0,6.0,8.0,8.0,DDR4,512,0,15.6,1920x1080,2073600.0,False,UHD Graphics,0,False,Windows 11,1
17,Lenovo V15 82KDA01BIH Laptop (AMD Ryzen 3 5300U/ 8GB/ 512GB SSD/ Win11 Home),Lenovo,26749,57.0,AMD,Ryzen 3,5.0,4.0,8.0,8.0,DDR4,512,0,15.6,1920x1080,2073600.0,False,Radeon Graphics,0,False,Windows 11,1
18,Apple MacBook Air 2022 Laptop (Apple M2/ 8GB/ 256GB SSD/ MacOS),Apple,99900,,Apple,M2,,8.0,,8.0,DDR4,256,0,13.6,2560x1664,4259840.0,False,M2,0,False,Mac OS,1
19,Samsung Galaxy Book 4 NP750XGK-KS2IN Laptop (Intel Core 5 Processor 120U/ 16GB/ 512GB SSD/ Win11),Samsung,75990,55.0,Intel,,,10.0,12.0,16.0,LPDDR4x,512,0,15.6,1920x1080,2073600.0,False,Integrated,0,False,Windows 11,1
20,HP 14s-dq5138tu Laptop (12th Gen Core i3/ 8GB/ 512GB SSD/ Win11 Home),HP,38990,55.0,Intel,Core i3,12.0,6.0,8.0,8.0,DDR4,512,0,14.0,1920x1080,2073600.0,False,Integrated,0,False,Windows 11,1
21,Asus TUF F15 FX506HF-HN024W Gaming Laptop (11th Gen Core i5/ 8GB/ 512GB SSD/ Win11/ 4GB Graph),Asus,49990,64.0,Intel,Core i5,11.0,6.0,12.0,8.0,DDR4,512,0,15.6,1920x1080,2073600.0,False,RTX 2050,4,True,Windows 11,1
22,Lenovo IdeaPad Gaming 3 82K2025XIN Laptop (AMD Ryzen 5 5600H/ 16GB/ 512GB SSD/ Win11 Home/ 4GB Graph),Lenovo,54990,66.0,AMD,Ryzen 5,5.0,6.0,12.0,16.0,DDR4,512,0,15.6,1920x1080,2073600.0,False,GTX 1650,4,True,Windows 11,1
23,Lenovo Thinkpad E14 20YES00K00 Laptop (AMD Ryzen 7 5800U/ 16GB/ 512GB SSD/ Win10),Lenovo,79999,62.0,AMD,Ryzen 7,5.0,8.0,16.0,16.0,DDR4,512,0,14.0,1920x1080,2073600.0,False,Integrated,0,False,Windows 10,1
24,HP Envy x360 15-fe0014TX Laptop (13th Gen Core i7/ 16GB/ 1TB SSD/ Win11/ 4GB Graphics),HP,132490,69.0,Intel,Core i7,13.0,10.0,12.0,16.0,LPDDR5,1024,0,15.6,1920x1080,2073600.0,True,RTX 3050,4,True,Windows 11,1
25,Lenovo ThinkPad E14 21JKS13K00 Laptop (13th Gen Core i7/ 16GB/ 512GB SSD/ Win11 Home),Lenovo,96990,65.0,Intel,Core i7,13.0,10.0,12.0,16.0,DDR4,512,0,14.0,1920x1200,2304000.0,False,Iris Xe Graphics,0,False,Windows 11,1
26,Lenovo V14 82TSA0CWIH Laptop (12th Gen Core i5/ 8GB/ 512GB SSD/ Win11 Pro),Lenovo,55490,53.0,Intel,Core i5,12.0,10.0,12.0,8.0,DDR4,512,0,14.0,1920x1080,2073600.0,False,Integrated,0,False,Windows 11,1
27,Lenovo V14 82TS005DIH Laptop (12th Gen Core i5/ 8GB/ 512GB SSD/ DOS),Lenovo,43490,,Intel,Core i5,12.0,10.0,12.0,8.0,DDR4,512,0,14.0,1920x1080,2073600.0,False,Integrated,0,False,DOS,1
28,Asus Vivobook 15 2024 X1504VAP-NJ322WS Laptop (Intel Core 3 Processor 100U/ 8GB/ 512GB SSD/ Win11),Asus,49990,53.0,Intel,,,6.0,8.0,16.0,DDR4,512,0,15.6,1920x1080,2073600.0,False,Integrated,0,False,Windows 11,1
29,Lenovo V14 G3 82TSA0EMIH Laptop (12th Gen Core i3/ 8GB/ 512GB SSD/ Win11 Pro),Lenovo,44990,51.0,Intel,Core i3,12.0,6.0,8.0,8.0,DDR4,512,0,14.0,1920x1080,2073600.0,False,Integrated,0,False,Windows 11 Pro,1
30,HP Envy x360 ‎14-fc0100TU Laptop (Intel Core Ultra 7 155U/ 32GB/ 1TB SSD/ Win11),HP,133999,73.0,Intel,,,12.0,14.0,32.0,LPDDR5,1024,0,14.0,1920x1200,2304000.0,True,Integrated,0,False,Windows 11,1
31,HP 15s-fq5329TU Laptop (12th Gen Core i5/ 8GB/ 512GB SSD/ Win11 Home),HP,47990,54.0,Intel,Core i5,12.0,10.0,12.0,8.0,DDR4,512,0,15.6,1920x1080,2073600.0,False,Integrated,0,False,Windows 11,1
32,HP Omen 14-fb0089TX Gaming Laptop (Intel Core Ultra 7 155H/ 16GB/ 1TB SSD/ Win11 Home/ 8GB Graph),HP,175999,77.0,Intel,,,16.0,22.0,16.0,LPDDR5x,1024,0,14.0,2880x1800,5184000.0,False,RTX 4060,8,True,Windows 11,1
33,HP Envy x360 14-fc0105TU Laptop (Intel Core Ultra 5 125U/ 16GB/ 512GB SSD/ Win11),HP,96999,65.0,Intel,,,12.0,14.0,16.0,LPDDR5,512,0,14.0,1920x1200,2304000.0,True,Integrated,0,False,Windows 11,1
34,HP Victus 15-fa1099TX Laptop (12th Gen Core i5/ 16GB/ 512GB SSD/ Win11 Home/ 4GB Graph),HP,61990,64.0,Intel,Core i5,12.0,8.0,12.0,16.0,DDR4,512,0,16.1,1920x1080,2073600.0,False,RTX 2050,4,True,Windows 11,1
35,Asus Vivobook Go 14 2023 E1404FA-NK331W Laptop (Ryzen 3 7320U / 8GB/ 1TB SSD/ Win11 Home),Asus,34990,53.0,AMD,Ryzen 3,7.0,4.0,8.0,8.0,LPDDR5,1024,0,14.0,1920x1080,2073600.0,False,Radeon Graphics,0,False,Windows 11,1
36,Samsung Galaxy Book 4 NP750XGK-KS3IN Laptop (Intel Core 7 Processor 150U/ 16GB/ 512GB SSD/ Win11),Samsung,85990,56.0,Intel,,,10.0,12.0,16.0,LPDDR4x,512,0,15.6,1920x1080,2073600.0,False,Integrated,0,False,Windows 11,1
37,Dell 15 G15-5530 Gaming Laptop (13th Gen Core i5/ 16GB/ 1TB SSD/ Win11/ 6GB Graph),Dell,79990,68.0,Intel,Core i5,13.0,10.0,16.0,16.0,DDR5,1024,0,15.6,1920x1080,2073600.0,False,RTX 3050,6,True,Windows 11,1
38,Asus ROG Flow X13 GV301RC-LJ132WS Gaming Laptop (AMD Ryzen 9 6900HS/ 16GB/ 512GB SSD/ Win11 Home/ 4GB Graph),Asus,84990,74.0,AMD,Ryzen 9,6.0,8.0,16.0,16.0,LPDDR5,512,0,13.4,1920x1200,2304000.0,True,RTX 3050,0,True,Windows 11,1
39,Samsung Galaxy Book 4 Pro 360 Laptop (Intel Core Ultra 7/ 16GB/ 512GB SSD/ Win11),Samsung,199990,72.0,Intel,,,16.0,22.0,16.0,LPDDR5X,512,0,16.0,2880x1800,5184000.0,True,Integrated,0,False,Windows 11,1
40,Lenovo ThinkBook 15 G5 21JF002JIN Laptop (AMD Ryzen 3 7330U/ 8 GB/ 512 GB SSD/ Win11),Lenovo,33600,62.0,AMD,Ryzen 3,7.0,4.0,8.0,8.0,DDR4,512,0,15.6,1920x1080,2073600.0,False,Integrated,0,False,Windows 11,1
41,Zebronics Pro Series Z ZEB-NBC 3S 2023 Laptop (12th Gen Core i3 / 8GB/ 512GB SSD/ Win11 Home),Other,27990,61.0,Intel,Core i3,12.0,6.0,8.0,8.0,DDR4,512,0,15.6,1920x1080,2073600.0,False,Integrated,0,False,Windows 11,1
42,Asus TUF Gaming F15 FX506HE-HN385WS Gaming Laptop (11th Gen Core i7/ 16GB/ 1TB SSD/ Win11/ 4GB Graph),Asus,79899,71.0,Intel,Core i7,11.0,8.0,16.0,16.0,DDR4,1024,0,15.6,1920x1080,2073600.0,False,RTX 3050 Ti,4,True,Windows 11,1
44,Lenovo LOQ 15IRH8 82XV00F4IN 2023 Gaming Laptop (12th Gen Core i5/ 16GB/ 512GB SSD/ Win11/ 4GB Graph),Lenovo,59990,64.0,Intel,Core i5,12.0,8.0,12.0,16.0,DDR5,512,0,15.6,1920x1080,2073600.0,False,RTX 2050,4,True,Windows 11,1
45,Asus Vivobook 16X 2023 K3605ZU-MB741WS Laptop (12th Gen Core i7/ 16GB/ 512GB SSD/ Win11 Home/ 6GB Graph),Asus,86990,72.0,Intel,Core i7,12.0,10.0,16.0,16.0,DDR4,512,0,16.0,1920x1200,2304000.0,False,RTX 4050,6,True,Windows 11,1
46,HP 255 G9 840T7PA Laptop (AMD Athlon Silver-3050U/ 4GB/ 256GB SSD/ DOS),HP,19979,,AMD,Athlon,3.0,2.0,2.0,4.0,DDR4,256,0,15.6,1366x768,1049088.0,False,Integrated,0,False,DOS,1
47,Asus TUF Gaming F15 2023 FX507ZV-LP094W Gaming Laptop (12th Gen Core i7/ 16GB/512GB SSD/ Win11 Home/ 8GB Graph),Asus,99990,74.0,Intel,Core i7,12.0,14.0,20.0,16.0,DDR4,512,0,15.6,1920x1080,2073600.0,False,RTX 4060,8,True,Windows 11,1
48,HP Omen 16-n0123AX Gaming Laptop (AMD Ryzen 7 6800H/ 16GB/ 1TB SSD/ Win11/ 8GB Graph),HP,112990,73.0,AMD,Ryzen 7,6.0,8.0,16.0,16.0,DDR5,1024,0,16.1,2560x1440,3686400.0,False,RTX 3070 Ti,8,True,Windows 11,1
49,Dell Inspiron 5420 Laptop (12th Gen Core i5/ 16GB/ 512GB SSD/ Win11),Dell,69999,62.0,Intel,Core i5,12.0,12.0,16.0,16.0,DDR5,512,0,14.0,1920x1080,2073600.0,False,Integrated,0,False,Windows 11,1
50,Asus TUF Gaming F15 FX506HC-HN362WS Gaming Laptop (11th Gen Core i5/ 16GB/ 512GB SSD/ Win11/ 4GB Graph),Asus,59990,66.0,Intel,Core i5,11.0,6.0,12.0,16.0,DDR4,512,0,15.6,1920x1080,2073600.0,False,RTX 3050,4,True,Windows 11,1
51,Samsung Galaxy Book2 Pro 360 13 Laptop (12th Gen Core i5/ 16GB/ 512GB SSD/ Win11),Samsung,72990,63.0,Intel,Core i5,12.0,12.0,16.0,16.0,LPDDR5,512,0,13.3,1080x1920,2073600.0,True,Iris Xe Graphics,0,False,Windows 11,1
52,Samsung Galaxy Book 4 NP750XGK-KS1IN Laptop (Intel Core 5 Processor 120U/ 8GB/ 512GB SSD/ Win11),Samsung,70990,53.0,Intel,,,10.0,12.0,8.0,LPDDR4x,512,0,15.6,1920x1080,2073600.0,False,Integrated,0,False,Windows 11,1
53,Asus Vivobook 15 2024 X1504VAP-NJ542WS Laptop (Intel Core 5 Processor 120U/ 16GB/ 512GB SSD/ Win11),Asus,67990,55.0,Intel,,,10.0,12.0,16.0,DDR4,512,0,15.6,1920x1080,2073600.0,False,Integrated,0,False,Windows 11,1
54,HP Pavilion 15-eh3109AU Laptop (AMD Ryzen 7 7730U/ 16GB/ 1TB SSD/ Win11 Home),HP,69990,64.0,AMD,Ryzen 7,7.0,8.0,16.0,16.0,DDR4,1024,0,15.6,1920x1080,2073600.0,False,Integrated,0,False,Windows 11,1
55,Lenovo IdeaPad Slim 5 ‎16IMH9 83DC0042IN Laptop (Intel Core Ultra 5/ 16 GB RAM/ 1TB SSD/ Win 11),Lenovo,75990,,Intel,,,14.0,18.0,16.0,DDR4,1024,0,16.0,1920x1200,2304000.0,False,Integrated,0,False,Windows 11,1
56,HP Envy x360 14-fa0052AU Laptop (AMD Ryzen 7 8840HS/ 16GB/ 512GB SSD/ Win11),HP,96990,69.0,AMD,Ryzen 7,8.0,8.0,16.0,16.0,LPDDR5,512,0,14.0,1920x1200,2304000.0,True,Radeon Graphics,0,False,Windows 11,1
57,Asus ROG Strix SCAR 16 2024 G634JYR-RA001WS Gaming Laptop (14th Gen Core i9/ 32GB/ 2TB SSD/ Win11 Home/ 16GB Graph),Asus,329990,,Intel,Core i9,14.0,24.0,32.0,32.0,DDR5,2048,0,16.0,2560x1600,4096000.0,False,RTX 4090,16,True,Windows 11,1
58,Lenovo ThinkBook 15 G5 20VG0008UK Laptop (AMD Ryzen 7 7730U/ 16GB/ 512 GB SSD/ Win11),Lenovo,49990,65.0,AMD,Ryzen 7,7.0,8.0,16.0,16.0,DDR4,512,0,15.6,1920x1080,2073600.0,False,Integrated,0,False,Windows 11,1
59,HP Spectre x360 14-ef2035TU Laptop (13th Gen Core i7/ 32GB/ 1TB SSD/ Win11 Home),HP,146990,72.0,Intel,Core i7,13.0,10.0,12.0,32.0,LPDDR4X,1024,0,13.5,3000x2000,6000000.0,True,Iris Xe Graphics,0,False,Windows 11,1
60,HP Omen 14-fb0007TX Gaming Laptop (Intel Core Ultra 7 155H/ 16GB/ 1TB SSD/ Win11 Home/ 8GB Graph),HP,174999,77.0,Intel,,,16.0,22.0,16.0,LPDDR5x,1024,0,14.0,2880x1800,5184000.0,False,RTX 4060,8,True,Windows 11,1
61,Lenovo IdeaPad Slim 3 83EQ0044IN Laptop (12th Gen Core i5/ 16GB/ 512GB SSD/ Win11 Home),Lenovo,55390,57.0,Intel,Core i5,12.0,8.0,12.0,16.0,LPDDR5,512,0,14.0,1920x1080,2073600.0,False,UHD Graphics,0,False,Windows 11,1
62,Honor MagicBook X16 2024 ‎Laptop (12th Gen Core i5/ 16GB/ 512GB SSD/ Win11 Home),Honor,46990,54.0,Intel,Core i5,12.0,8.0,12.0,16.0,LPDDR4x,512,0,16.0,1920x1200,2304000.0,False,UHD Graphics,0,False,Windows 11,1
63,HP Omen 16-xf0081AX Gaming Laptop (AMD Ryzen 7 7840HS/ 32GB/ 1TB SSD/ Win11/ 8GB Graph),HP,135999,,AMD,Ryzen 7,7.0,8.0,16.0,32.0,DDR5,1024,0,16.0,1440x2560,3686400.0,False,RTX 4060,8,True,Windows 11,1
64,Acer Aspire Lite 15 AL15-52 Laptop (12th Gen Core i3/ 16GB/ 512GB SSD/ Win11),Acer,34880,56.0,Intel,Core i3,12.0,6.0,8.0,16.0,DDR4,512,0,15.6,1920x1080,2073600.0,False,UHD Graphics,0,False,Windows 11,1
65,HP Omen 16-wf1025TX Gaming Laptop (14th Gen Core i7/ 16GB/ 1TB SSD/ Win11 Home/ 8GB Graph),HP,138990,79.0,Intel,Core i7,14.0,20.0,28.0,16.0,DDR5,1024,0,16.1,1920x1080,2073600.0,False,RTX 4060,8,True,Windows 11,1
66,MSI Titan 18 HX Gaming Laptop (14th Gen Core i9/ 32GB/ 2TB SSD/ Win11 Home/ RTX 4090),MSI,599990,,Intel,Core i9,14.0,,,32.0,DDR5,2048,0,18.0,3840x2400,9216000.0,False,RTX 4090,16,True,Windows 11,2
67,Lenovo IdeaPad Slim 3 83ER008GIN Laptop (12th Gen Core i5/ 16GB/ 512GB SSD/ Win11 Home),Lenovo,53490,57.0,Intel,Core i5,12.0,8.0,12.0,16.0,LPDDR5,512,0,15.6,1920x1080,2073600.0,False,UHD Graphics,0,False,Windows 11,1
68,Samsung Galaxy Book 4 Ultra Laptop (Intel Core Ultra 7 155H/ 32 GB RAM/ 1 TB SSD/ 6 GB Graphics),Samsung,299999,75.0,Intel,,,16.0,22.0,32.0,DDR4,1024,0,16.0,2880x1800,5184000.0,True,RTX 4050,6,True,Unspecified,1
69,HP Victus 15-fa1145TX Gaming Laptop (12th Gen Core i5/ 16GB/ 1TB SSD/ Win11 Home/ 4GB Graph),HP,65690,68.0,Intel,Core i5,12.0,8.0,12.0,16.0,DDR4,1024,0,15.6,1920x1080,2073600.0,False,RTX 2050,4,True,Windows 11,1
70,Colorful Evol P15 Gaming Laptop (12th Gen Core i7/ 16GB/ 512GB SSD/ Win11/ 8GB Graph),Other,89999,70.0,Intel,Core i7,12.0,10.0,16.0,16.0,DDR5,512,0,15.6,2560x1440,3686400.0,False,RTX 4060,8,True,Windows 11,1
71,Apple MacBook Pro 16 2023 Laptop (Apple M3 Max/ 48GB/ 1TB SSD/ macOS),Apple,399900,65.0,Apple,M3,,16.0,,48.0,DDR4,1024,0,16.2,3456x2234,7720704.0,False,M3 Max,0,False,Mac OS,1
72,Dell Inspiron 3530 Laptop (13th Gen Core i7/ 16GB/ 512GB SSD/ Win11 Home),Dell,69990,53.0,Intel,Core i7,13.0,10.0,12.0,16.0,DDR4,512,0,15.6,1920x1080,2073600.0,False,UHD Graphics,0,False,Windows 11,1
73,Asus Vivobook 15 X1502ZA-EJ385WS Laptop (12th Gen Core i3/ 8GB/ 512GB SSD/ Win11),Asus,39990,53.0,Intel,Core i3,12.0,10.0,12.0,8.0,DDR4,512,0,15.6,1920x1080,2073600.0,False,UHD Graphics,0,False,Windows 11,1
74,HP Pavilion 15-eg3032TU Laptop (13th Gen Core i7/ 16GB/ 512GB SSD/ Win11 Home),HP,84700,64.0,Intel,Core i7,13.0,12.0,16.0,16.0,DDR4,512,0,15.6,1920x1080,2073600.0,False,Iris Xe Graphics,0,False,Windows 11,1
75,Dell G15-5530 15 2023 Gaming Laptop (13th Gen Core i7/ 16GB/ 1TB SSD/ Win11/ 6GB Graph),Dell,99990,70.0,Intel,Core i7,13.0,14.0,,16.0,DDR5,1024,0,15.6,1920x1080,2073600.0,False,RTX 4050,6,True,Windows 11,1
76,HP 15s-fq5185TU Laptop (12th Gen Core i3/ 8GB/ 512GB SSD/ Win11 Home),HP,36349,55.0,Intel,Core i3,12.0,6.0,8.0,8.0,DDR4,512,0,15.6,1920x1080,2073600.0,False,Integrated,0,False,Windows 11,1
77,Zebronics Pro Series Y ZEB-NBC 2S Laptop (11th Gen Core i5 / 16GB/ 512GB SSD/ Win11 Home),Other,27990,57.0,Intel,Core i5,11.0,4.0,8.0,16.0,LPDDR4X,512,0,15.6,1920x1080,2073600.0,False,Integrated,0,False,Windows 11,1
78,Zebronics ZEB-NBC 5S 2023 Laptop (12th Gen Core i7 / 16GB/ 1TB SSD/ Win11 Home),Other,43990,66.0,Intel,Core i7,12.0,10.0,12.0,16.0,DDR4,1024,0,15.6,1920x1080,2073600.0,False,Integrated,0,False,Windows 11,1
79,Lenovo ThinkBook 15 G5 21JFA00BIN Laptop (AMD Ryzen 7 7730U/ 8 GB/ 512 GB SSD/ Win11),Lenovo,44990,65.0,AMD,Ryzen 7,7.0,8.0,16.0,8.0,DDR4,512,0,15.6,1920x1080,2073600.0,False,Integrated,0,False,Windows 11,1
80,Lenovo IdeaPad Slim 3 82RK00VWIN Laptop (12th Gen Core i3/ 8GB/ 512GB SSD/ Win11),Lenovo,34990,54.0,Intel,Core i3,12.0,6.0,8.0,8.0,DDR4,512,0,15.6,1920x1080,2073600.0,False,UHD Graphics,0,False,Windows 11,1
81,HP Victus 16-s0095AX Gaming Laptop (AMD Ryzen 7 7840HS/ 16GB/ 512GB SSD/ Win11/ 6GB Graph),HP,79990,72.0,AMD,Ryzen 7,7.0,8.0,16.0,16.0,DDR5,512,0,16.1,1920x1080,2073600.0,False,RTX 3050,6,True,Windows 11,1
82,Acer Aspire 7 A715-76G UN.QMYSI.002 Gaming Laptop (12th Gen Core i5/ 16GB/ 512GB SSD/ Win11 Home/ 4GB Graph),Acer,53990,66.0,Intel,Core i5,12.0,8.0,12.0,16.0,DDR4,512,0,15.6,1920x1080,2073600.0,False,RTX 2050,4,True,Windows 11,1
83,Asus TUF Gaming F15 FX506HE-HN382W Gaming Laptop (11th Gen Core i7/ 16GB/ 512GB SSD/ Win11/ 4GB Graph),Asus,69990,66.0,Intel,Core i7,11.0,8.0,16.0,16.0,DDR4,512,0,15.6,1920x1080,2073600.0,False,RTX 3050 Ti,4,True,Windows 11,1
84,Asus TUF Gaming F15  FX506HF-HN075W Gaming Laptop (11th Gen Core i5/ 8GB/ 512GB SSD/ Win11/ 4GB Graph),Asus,48990,62.0,Intel,Core i5,11.0,6.0,12.0,8.0,DDR4,512,0,15.6,1920x1080,2073600.0,False,RTX 2050,4,True,Windows 11,1
85,MSI Thin GF63 11UC-1490IN Gaming Laptop (11th Gen Core i5/ 16GB/ 1TB 256GB SSD/ Win11 Home/ 4GB Graph),MSI,52990,69.0,Intel,Core i5,11.0,6.0,12.0,16.0,DDR4,256,1024,15.6,1920x1080,2073600.0,False,RTX 3050,4,True,Windows 11,1
86,Lenovo LOQ 15APH8 82XT004HIN 2023 Gaming Laptop (AMD Ryzen 7 7840HS/ 16GB/ 512GB SSD/ Win11/ 6GB Graph),Lenovo,79990,70.0,AMD,Ryzen 7,7.0,8.0,16.0,16.0,DDR5,512,0,15.6,1920x1080,2073600.0,False,RTX 3050,6,True,Windows 11,1
87,Asus Vivobook Go 15 E510MA-EJ001W Laptop (Celeron N4020/ 4GB/ 256GB SSD/ Win11 Home),Asus,19990,,Intel,Celeron,,2.0,2.0,4.0,DDR4,256,0,15.6,1920x1080,2073600.0,False,UHD Graphics,0,False,Windows 11,1
88,HP Omen 16-wd0880TX Gaming Laptop (13th Gen Core i5/ 16GB/ 512GB SSD/ Win11 Home/ 6GB Graph),HP,89990,64.0,Intel,Core i5,13.0,8.0,12.0,16.0,DDR5,512,0,16.1,1920x1080,2073600.0,False,RTX 4050,6,True,Windows 11,1
89,Infinix INBook Y1 Plus Neo 2023 XL30 Laptop (Intel Celeron N5100/ 4GB/ 128GB SSD/ Win 11 Home),Infinix,18990,,Intel,Celeron,11.0,4.0,4.0,4.0,LPDDR4X,128,0,15.6,1920x1080,2073600.0,False,Integrated,0,False,Windows 11,1
90,Asus Vivobook 15 X1502ZA-EJ741WS Laptop (12th Gen Core i7/ 16GB/ 512GB SSD/ Win11),Asus,59990,63.0,Intel,Core i7,12.0,10.0,16.0,16.0,DDR4,512,0,15.6,1920x1080,2073600.0,False,Integrated,0,False,Windows 11,1
91,Lenovo Ideapad Gaming 3 82SB00NXIN Laptop (AMD Ryzen 5 7535HS/ 16GB/ 512GB SSD/ Win11 Home/ 4GB Graph),Lenovo,53490,65.0,AMD,Ryzen 5,7.0,6.0,12.0,16.0,DDR5,512,0,15.6,1920x1080,2073600.0,False,RTX 2050,4,True,Windows 11,1
92,Dell Inspiron 3525 Laptop (AMD Ryzen 5 5500U/ 8GB/ 512GB SSD/ Win11),Dell,36890,59.0,AMD,Ryzen 5,5.0,6.0,12.0,8.0,DDR4,512,0,15.6,1920x1080,2073600.0,False,Radeon Graphics,0,False,Windows 11,1
93,Infinix Zerobook 2023 Laptop (13th Gen Core i9/ 32GB/ 1TB SSD/ Win 11 Home),Infinix,74990,68.0,Intel,Core i9,13.0,14.0,20.0,32.0,LPDDR5X,1024,0,15.6,1920x1080,2073600.0,False,Integrated,0,False,Windows 11,1
94,Acer Aspire 7 A715-76G NH.QMFSI.004 Gaming Laptop (12th Gen Core i5/ 16GB/ 512GB SSD/ Win11 Home/ 4GB Graph),Acer,57990,64.0,Intel,Core i5,12.0,8.0,12.0,16.0,DDR4,512,0,15.6,1920x1080,2073600.0,False,GTX 3050,4,True,Windows 11,1
95,Asus TUF Gaming A15 FA577NU-LP082W Gaming Laptop (AMD Ryzen 7 7735HS/ 16GB/ 512GB SSD/ Win11/ 6GB Graph),Asus,89990,73.0,AMD,Ryzen 7,7.0,8.0,16.0,16.0,DDR5,512,0,15.6,1920x1080,2073600.0,False,RTX 4050,6,True,Windows 11,1
96,Asus TUF Gaming F15 FX506HF-HN025W Gaming Laptop (11th Gen Core i5/ 16GB/ 512GB SSD/ Win11/ 4GB Graph),Asus,52990,66.0,Intel,Core i5,11.0,6.0,12.0,16.0,DDR4,512,0,15.6,1920x1080,2073600.0,False,RTX 2050,4,True,Windows 11,1
97,Acer Predator Helios Neo 16 PHN16-71 Gaming Laptop (13th Gen Core i7/ 16GB/ 1TB SSD/ Win11/ 6GB Graph),Acer,112500,70.0,Intel,Core i7,13.0,16.0,24.0,16.0,DDR5,1024,0,16.0,1920x1200,2304000.0,False,RTX 4050,6,True,Windows 11,1
98,HP Victus 15-fa0998TX Gaming Laptop (12th Gen Core i5/ 16GB/ 512GB SSD/ Win11/ 4GB Graph),HP,68990,68.0,Intel,Core i5,12.0,8.0,12.0,16.0,DDR4,512,0,15.6,1920x1080,2073600.0,False,RTX 3050,4,True,Windows 11,1
99,HP 255 G8 689T4PA Laptop (Ryzen 3 3250U/ 8GB/512GB SSD/ Win11 Home),HP,25580,55.0,AMD,Ryzen 3,3.0,2.0,4.0,8.0,DDR4,512,0,15.6,1920x1080,2073600.0,False,Integrated,0,False,Windows 11,1
100,MSI Modern 14 C7M-062IN Laptop (Ryzen 5 7530U/ 16GB/ 512GB SSD/ Win11),MSI,37990,59.0,AMD,Ryzen 5,7.0,6.0,12.0,16.0,DDR4,512,0,14.0,1920x1080,2073600.0,False,Integrated,0,False,Windows 11,1
101,MSI Sword 15 A12VF-401IN Gaming Laptop (12th Gen Core i7/ 16GB/ 1TB SSD/ Win11/ 8GB Graph),MSI,94990,74.0,Intel,Core i7,12.0,10.0,16.0,16.0,DDR5,1024,0,15.6,1920x1080,2073600.0,False,RTX 4060,8,True,Windows 11,2
102,Samsung Galaxy Book2 NP550XED-KA2IN Laptop (12th Gen Core i5/ 16GB/ 512GB SSD/ Win11),Samsung,52990,56.0,Intel,Core i5,12.0,10.0,12.0,16.0,LPDDR4,512,0,15.6,1920x1080,2073600.0,False,Integrated,0,False,Windows 11,1
103,Dell Vostro 3520 Laptop (12th Gen Core i5/ 8GB/ 512GB SSD/ Win11),Dell,46490,54.0,Intel,Core i5,12.0,10.0,12.0,8.0,DDR4,512,0,15.6,1920x1080,2073600.0,False,Iris Xe Graphics,0,False,Windows 11,1
104,Dell Latitude 3430 Laptop (12th Gen Core i5/ 8GB/ 512GB SSD/ Win11 Pro),Dell,108000,59.0,Intel,Core i5,12.0,10.0,12.0,8.0,DDR4,512,0,14.0,1366x768,1049088.0,False,Iris Xe Graphics,0,False,Windows 11,1
105,Asus ROG Flow X13 GV301RC-LJ073WS Gaming Laptop (AMD Ryzen 9 6900HS/ 16GB/ 1TB SSD/ Win11 Home/ 4GB Graph),Asus,89990,75.0,AMD,Ryzen 9,6.0,8.0,16.0,16.0,LPDDR5,1024,0,13.4,1920x1200,2304000.0,True,RTX 3050,0,True,Windows 11,1
106,Asus Vivobook 16X 2022 M1603QA-MB502WS Laptop (Ryzen 5-5600H/ 8GB/ 512GB SSD/ Win11 Home),Asus,46890,62.0,AMD,Ryzen 5,5.0,6.0,12.0,8.0,DDR4,512,0,16.0,1920x1200,2304000.0,False,M1,0,False,Windows 11,1
107,Asus Vivobook 16X 2022 M1603QA-MB711WS Laptop (Ryzen 7-5800H/ 16GB/ 512GB SSD/ Win11 Home),Asus,55200,64.0,AMD,Ryzen 7,5.0,8.0,16.0,16.0,DDR4,512,0,16.0,1920x1200,2304000.0,False,M1,0,False,Windows 11,1
108,HP Victus 16-e0352AX Gaming Laptop (Ryzen 5-5600H/ 8GB/ 512GB SSD/ Win11/ 4GB Graph),HP,44990,65.0,AMD,Ryzen 5,5.0,6.0,12.0,8.0,DDR4,512,0,16.1,1920x1080,2073600.0,False,GTX 1650,4,True,Windows 11,1
109,Asus Vivobook 15 Touch X515EA-EZ311WS Laptop (11th Gen Core i3/ 8GB/ 512GB SSD/ Win11 Home),Asus,31990,54.0,Intel,Core i3,11.0,2.0,4.0,8.0,DDR4,512,0,15.6,1920x1080,2073600.0,True,UHD Graphics,0,False,Windows 11,1
111,iBall Excelance CompBook Laptop (AQC/ 2GB/ 32GB/Win10),iBall,8000,,Intel,,,4.0,,2.0,DDR3,0,32,11.6,1366x768,1049088.0,False,Integrated,0,False,Windows 10,1
112,Samsung Galaxy Book 4 Edge Laptop (Snapdragon X Elite/ 16GB/ 512GB SSD/ Win11),Samsung,162990,55.0,Intel,Snapdragon,,,,32.0,LPDDR5X,512,0,16.0,2880x1800,5184000.0,True,Integrated,0,False,Windows 11,1
113,HP Victus 15-fa1216TX Gaming Laptop (13th Gen Core i5/ 16GB/ 512GB SSD/ Win11 Home/ RTX 3050),HP,74490,62.0,Intel,Core i5,13.0,8.0,12.0,16.0,DDR4,512,0,15.6,1920x1080,2073600.0,False,RTX 3050,0,True,Windows 11,1
114,HP Victus 15-fa1128TX Gaming Laptop (13th Gen Core i5/ 16GB/ 512GB SSD/ Win11 Home/ 4GB Graph),HP,65990,64.0,Intel,Core i5,13.0,8.0,12.0,16.0,DDR4,512,0,15.6,1920x1080,2073600.0,False,RTX 2050,4,True,Windows 11,1
115,Lenovo Legion Pro 7i 2024 Gaming Laptop (14th Gen Core i9/ 32GB/ 1TB SSD/ Win11 Home/ 12GB Graph),Lenovo,297758,,Intel,Core i9,14.0,24.0,32.0,32.0,DDR5,1024,0,16.0,2560x1600,4096000.0,False,RTX 4080,12,True,Windows 11,1
116,Asus Zenbook S13 OLED 2024 UX5304MA-NQ762WS Laptop ( Intel Core Ultra 7 155U/ 32GB/ 1TB SSD/ Win11),Asus,139990,70.0,Intel,,,12.0,14.0,32.0,LPDDR5X,1024,0,13.3,2880x1800,5184000.0,False,Iris Xe Graphics,0,False,Windows 11,1
117,Lenovo ThinkPad P14s 21HF001EIG Laptop (13th Gen Core i7/ 16GB/ 512GB SSD/ Win11 Pro),Lenovo,109990,71.0,Intel,Core i7,13.0,12.0,16.0,16.0,LPDDR5X,512,0,14.0,1920x1200,2304000.0,False,Integrated,4,True,Windows 11,3
118,Lenovo ThinkPad P14s 21HF001FIG Laptop (13th Gen Core i7/ 16GB/ 512GB SSD/ Win11 Pro/ 4GB Graphics),Lenovo,129990,72.0,Intel,Core i7,13.0,12.0,16.0,16.0,LPDDR5X,512,0,14.0,1920x1200,2304000.0,False,Integrated,4,True,Windows 11,3
119,Asus Zenbook S13 OLED 2024 UX5304MA-NQ752WS Laptop ( Intel Core Ultra 7 155U/ 16GB/ 1TB SSD/ Win11),Asus,129990,65.0,Intel,,,12.0,14.0,16.0,LPDDR5X,1024,0,13.3,2880x1800,5184000.0,False,Iris Xe Graphics,0,False,Windows 11,1
120,HP Envy x360 14-fc0106TU Laptop (Intel Core Ultra 7 155U/ 16GB/ 512GB SSD/ Win11),HP,108999,68.0,Intel,,,12.0,14.0,16.0,LPDDR5,512,0,14.0,1920x1200,2304000.0,True,Integrated,0,False,Windows 11,1
121,MSI Katana A17 AI B8VF-845IN Gaming Laptop (AMD Ryzen 7 8845HS/ 16GB/ 1TB SSD/ Win11 Home/ 8GB Graph),MSI,119990,77.0,AMD,Ryzen 7,8.0,8.0,16.0,16.0,DDR5,1024,0,17.3,1920x1080,2073600.0,False,RTX 4060,8,True,Windows 11,2
122,Apple MacBook Air 2024 MRYN3HN/A Laptop (Apple M3/ 8GB/ 512GB SSD/ MacOS),Apple,154900,56.0,Apple,M3,,8.0,,8.0,DDR4,512,0,15.3,2880x1864,5368320.0,False,M3,0,False,Mac OS,1
123,Apple MacBook Air 15 2024 MRYR3HN/A Laptop (Apple M3/ 8GB/ 256GB SSD/ MacOS),Apple,133553,54.0,Apple,M3,,8.0,,8.0,DDR4,256,0,15.3,2880x1864,5368320.0,False,M3,0,False,Mac OS,1
124,Apple MacBook Air 2024 MRXW3HN/A Laptop (Apple M3/ 8GB/ 512GB SSD/ MacOS),Apple,134900,,Apple,M3,,10.0,,8.0,DDR4,512,0,13.6,2560x1664,4259840.0,False,M3,0,False,Mac OS,1
125,Apple MacBook Air 15 2024 Laptop (Apple M3/ 16GB/ 512GB SSD/ MacOS),Apple,174900,57.0,Apple,M3,,8.0,,16.0,DDR4,512,0,15.3,2880x1864,5368320.0,False,M3,0,False,Mac OS,1
126,MSI Vector 16 HX A14VGG-279IN Gaming Laptop (14th Gen Core i7/ 32GB/ 1TB SSD/ Win11 Home/ 8GB Graph),MSI,197990,,Intel,Core i7,14.0,20.0,28.0,32.0,DDR5,1024,0,16.0,2560x1600,4096000.0,False,RTX 4070,8,True,Windows 11,2
127,Xiaomi Redmi Book Pro 16 2024 Laptop (Intel Core Ultra 5/ 32GB/ 1TB SSD/ Win 11),Xiaomi,69990,62.0,Intel,,,14.0,18.0,32.0,LPDDR5x,1024,0,16.0,3072x1920,5898240.0,False,Integrated,0,False,Windows 11,1
128,Xiaomi Redmi Book Pro 14 2024 Laptop (Intel Core Ultra 5/ 16GB/ 512GB SSD/ Win 11),Xiaomi,59990,61.0,Intel,,,14.0,18.0,16.0,LPDDR5x,512,0,14.0,2880x1800,5184000.0,False,Iris Xe Graphics,0,False,Windows 11,2
129,Lenovo Legion Y9000K 2024 Gaming Laptop (14th Gen Core i9/ 64GB/ 2TB SSD/ Win11/ 16GB Graph),Lenovo,349990,,Intel,Core i9,14.0,24.0,32.0,64.0,DDR5,2048,0,16.0,3200x2000,6400000.0,False,RTX 4090,16,True,Windows 11,1
130,Samsung Galaxy Book 4 360 NP750QGK-KG3IN Laptop (Intel Core 7 Processor 150U/ 16GB/ 1TB SSD/ Win11),Samsung,138990,61.0,Intel,,,10.0,12.0,16.0,LPDDR5,1024,0,15.6,1920x1080,2073600.0,True,Integrated,0,False,Windows 11,1
131,Samsung Galaxy Book 4 Pro 360 NP960QGK-KG1IN Laptop (Intel Core Ultra 7/ 16GB/ 512GB SSD/ Win11),Samsung,163990,69.0,Intel,,,16.0,22.0,16.0,LPDDR5X,512,0,16.0,2880x1800,5184000.0,True,Integrated,0,False,Windows 11,1
132,Samsung Galaxy Book 4 360 NP750QGK-KG2IN Laptop (Intel Core 7 Processor 150U/ 16GB/ 512GB SSD/ Win11),Samsung,122990,59.0,Intel,,,10.0,12.0,16.0,LPDDR5,512,0,15.6,1920x1080,2073600.0,True,Integrated,0,False,Windows 11,1
133,Samsung Galaxy Book 4 360 NP750QGK-KG1IN Laptop (Intel Core 5 Processor 120U/ 16GB/ 512GB SSD/ Win11),Samsung,114990,57.0,Intel,,,10.0,12.0,16.0,LPDDR5,512,0,15.6,1920x1080,2073600.0,True,Integrated,0,False,Windows 11,1
134,Samsung Galaxy Book 4 Pro 360 NP960QGK-KG2IN Laptop (Intel Core Ultra 7/ 16GB/ 1TB SSD/ Win11),Samsung,179990,70.0,Intel,,,16.0,22.0,16.0,LPDDR5X,1024,0,16.0,2880x1800,5184000.0,True,Integrated,0,False,Windows 11,1
135,Acer Aspire Lite AL15-51 Laptop (11th Gen Core i7/ 16GB/ 512GB SSD/ Win11),Acer,49499,59.0,Intel,Core i7,11.0,4.0,8.0,16.0,DDR4,512,0,15.6,1920x1080,2073600.0,False,Iris Xe Graphics,0,False,Windows 11,1
136,Samsung Galaxy Book 4 Pro 14 NP940XGK-KG3IN Laptop (Intel Core Ultra 7/ 32GB/ 1TB SSD/ Win11),Samsung,171990,72.0,Intel,,,16.0,22.0,32.0,LPDDR5X,1024,0,14.0,2880x1800,5184000.0,True,Integrated,0,False,Windows 11,1
137,Samsung Galaxy Book 4 Pro 14 NP940XGK-KS1IN Laptop (Intel Core Ultra 5/ 16GB/ 512GB SSD/ Win11),Samsung,131990,65.0,Intel,,,14.0,18.0,16.0,LPDDR5X,512,0,14.0,2880x1800,5184000.0,True,Integrated,0,False,Windows 11,1
138,Samsung Galaxy Book 4 Pro NP960XGK-KG1IN Laptop (Intel Core Ultra 5/ 16GB/ 512GB SSD/ Win11),Samsung,141990,65.0,Intel,,,14.0,18.0,16.0,LPDDR5X,512,0,16.0,2880x1800,5184000.0,True,Integrated,0,False,Windows 11,1
139,Samsung Galaxy Book 4 Pro NP960XGK-KG2IN Laptop (Intel Core Ultra 7/ 16GB/ 512GB SSD/ Win11),Samsung,149990,68.0,Intel,,,16.0,22.0,16.0,LPDDR5X,512,0,16.0,2880x1800,5184000.0,True,Integrated,0,False,Windows 11,1
140,Samsung Galaxy Book 4 Pro NP960XGK-KG3IN Laptop (Intel Core Ultra 7/ 32GB/ 1TB SSD/ Win11),Samsung,181990,73.0,Intel,,,16.0,22.0,32.0,LPDDR5X,1024,0,16.0,2880x1800,5184000.0,True,Integrated,0,False,Windows 11,1
141,Lenovo IdeaPad Slim 5 83DA0049IN Laptop (Intel Core Ultra 5/ 16 GB RAM/ 1TB SSD/ Win 11),Lenovo,76990,,Intel,,,14.0,18.0,16.0,DDR4,1024,0,14.0,1920x1200,2304000.0,False,Integrated,0,False,Windows 11,1
142,Asus VivoBook 15 X1500EA-EJ111WS Laptop (Intel Pentium Gold/ 8GB/ 256GB SSD/ Win11),Asus,25990,,Intel,Pentium,,2.0,4.0,8.0,DDR4,256,0,15.6,1920x1080,2073600.0,False,Integrated,0,False,Windows 11,1
143,Dell G15-5530 GN5530D83M6001ORB1 Gaming Laptop (13th Gen Core i5/ 16GB/ 512GB SSD/ Win11/ 6GB Graph),Dell,79990,66.0,Intel,Core i5,13.0,10.0,16.0,16.0,DDR5,512,0,15.6,1920x1080,2073600.0,False,RTX 3050,6,True,Windows 11,1
144,HP 15-fd0221TU Laptop (13th Gen Core i5/ 16GB/ 512GB SSD/ Win11 Home),HP,60799,52.0,Intel,Core i5,13.0,10.0,12.0,16.0,DDR4,512,0,15.6,1920x1080,2073600.0,False,Integrated,0,False,Windows 11,1
145,HP Pavilion x360 14-ek0183TU Laptop (12th Gen Core i3/ 8GB/ 512GB SSD/ Win11),HP,54990,62.0,Intel,Core i3,12.0,6.0,8.0,8.0,DDR4,512,0,14.0,1920x1080,2073600.0,True,Integrated,0,False,Windows 11,1
146,Infinix INBook Y4 Max Series Laptop (13th Gen Core i5/ 16GB/ 512GB SSD/ Win 11 Home),Infinix,43990,53.0,Intel,Core i5,13.0,10.0,12.0,16.0,LPDDR4X,512,0,16.0,1920x1200,2304000.0,False,Integrated,0,False,Windows 11,1
147,HP Victus 15-fa1124TX Gaming Laptop (12th Gen Core i5/ 8GB/ 512GB SSD/ Win11/ 4GB Graph),HP,58490,64.0,Intel,Core i5,12.0,8.0,12.0,8.0,DDR4,512,0,15.6,1920x1080,2073600.0,False,RTX 2050,4,True,Windows 11,1
148,Infinix INBook Y4 Max Series YL613 Laptop (13th Gen Core i3/ 16GB/ 512GB SSD/ Win 11 Home),Infinix,36990,54.0,Intel,Core i3,13.0,6.0,8.0,16.0,LPDDR4X,512,0,16.0,1920x1200,2304000.0,False,Integrated,0,False,Windows 11,1
149,HP 245 G9 841W7PA Laptop (AMD Ryzen 3 3250U/ 8 GB RAM/ 512 GB SSD/ DOS),HP,24900,50.0,AMD,Ryzen 3,3.0,2.0,4.0,8.0,DDR4,512,0,14.0,1366x768,1049088.0,False,Radeon Graphics,0,False,DOS,1
150,HP 15s-fr5011TU Laptop (12th Gen Core i5/ 16GB/ 512GB SSD/ Win11 Home),HP,53799,57.0,Intel,Core i5,12.0,10.0,12.0,16.0,DDR4,512,0,15.6,1920x1080,2073600.0,False,UHD Graphics,0,False,Windows 11,1
151,Lenovo V15 G4 ‎82YU00W9IN Laptop (Ryzen 5 7520U/ 8GB/ 512GB SSD/ Win11 Home),Lenovo,33990,56.0,AMD,Ryzen 5,7.0,4.0,8.0,8.0,LPDDR5,512,0,15.6,1920x1080,2073600.0,False,Radeon Graphics,0,False,Windows 11,1
152,Lenovo Legion Pro 5 161IRX9 Laptop (14th Gen Core i9/ 32GB/ 1TB SSD/ Win11/ 8GB Graph),Lenovo,149990,69.0,Intel,Core i9,14.0,24.0,32.0,32.0,DDR5,1024,0,16.0,2560x1600,4096000.0,False,RTX 4070,8,True,Windows 11,1
153,Lenovo IdeaPad Slim 1 82R400BGIN Laptop (AMD Ryzen 5 5500U/ 8GB/ 512GB SSD/ Win11 Home),Lenovo,35490,,AMD,Ryzen 5,5.0,6.0,12.0,8.0,DDR4,512,0,15.6,1920x1080,2073600.0,False,Radeon Graphics,0,False,Windows 11,1
154,Infinix INBook Y2 Plus Laptop (11th Gen Core i5/ 16GB/ 512GB SSD/ Win 11 Home),Infinix,33990,51.0,Intel,Core i5,11.0,4.0,8.0,16.0,LPDDR4X,512,0,15.6,1920x1080,2073600.0,False,Integrated,0,False,Windows 11,1
155,Lenovo IdeaPad Gaming 3 82SB00Y8IN Laptop (AMD Ryzen 7 6800H/ 16GB/ 512GB SSD/ Win11 Home/ 4GB Graph),Lenovo,69990,66.0,AMD,Ryzen 7,6.0,8.0,16.0,16.0,DDR4,512,0,15.6,1920x1080,2073600.0,False,RTX 3050,4,True,Windows 11,1
156,Xiaomi Redmi Book 14 2024 Laptop (13th Gen Core i5/ 16GB/ 512GB SSD/ Win 11),Xiaomi,49990,57.0,Intel,Core i5,13.0,12.0,16.0,16.0,LPDDR5,512,0,14.0,2880x1800,5184000.0,False,Integrated,0,False,Windows 11,1
157,Xiaomi Redmi Book 16 2024 Laptop (13th Gen Core i5/ 16GB/ 512GB SSD/ Win 11),Xiaomi,52990,57.0,Intel,Core i5,13.0,12.0,16.0,16.0,LPDDR5,512,0,16.0,2560x1600,4096000.0,False,Iris Xe Graphics,0,False,Windows 11,1
158,Samsung Galaxy Book 4 360 Laptop (13th Gen Core i7/ 16GB/ 512GB SSD/ Win11),Samsung,129900,57.0,Intel,Core i7,13.0,10.0,12.0,16.0,LPDDR5,512,0,13.3,1920x1080,2073600.0,True,Iris Xe Graphics,0,False,Windows 11,1
159,Apple MacBook Pro 16 2023 Laptop (Apple M3 Max/ 36GB/ 1TB SSD/ macOS),Apple,320690,64.0,Apple,M3,,14.0,,36.0,DDR4,1024,0,16.2,3456x2234,7720704.0,False,M3 Max,0,False,Mac OS,1
160,Apple MacBook Pro 14 2023 Laptop (Apple M3 Pro/ 18GB/ 512GB SSD/ macOS),Apple,186899,54.0,Apple,M3,,11.0,,18.0,DDR4,512,0,14.2,3024x1964,5939136.0,False,M3 Pro,0,False,Mac OS,1
161,Lenovo LOQ 15APH8 82XT004KIN Gaming Laptop (AMD Ryzen 7 7840HS/ 16GB/ 512GB SSD/ Win11/ 8GB Graph),Lenovo,98790,71.0,AMD,Ryzen 7,7.0,8.0,16.0,16.0,DDR5,512,0,15.6,1920x1080,2073600.0,False,RTX 4060,8,True,Windows 11,1
162,Lenovo V15 G4 Laptop (AMD Athlon Silver 7120U/ 8GB/ 512GB SSD/ Win11 Home),Lenovo,24790,,AMD,Athlon,,2.0,2.0,8.0,LPDDR5,512,0,15.6,1920x1080,2073600.0,False,Integrated,0,False,Windows 11,1
163,Apple MacBook Pro 14 2023 Laptop (Apple M3/ 8GB/ 512GB SSD/ macOS),Apple,154990,50.0,Apple,M3,,10.0,,8.0,DDR4,512,0,14.2,3024x1964,5939136.0,False,M3,0,False,Mac OS,1
164,Acer Aspire Lite AL15-52 Laptop (12th Gen Core i3/ 8GB/ 512GB SSD/ Win11),Acer,31990,54.0,Intel,Core i3,12.0,6.0,8.0,8.0,DDR4,512,0,15.6,1920x1080,2073600.0,False,UHD Graphics,0,False,Windows 11,1
165,Gigabyte G5 MF-G2IN313SH Laptop (12th Gen Core i7/ 16GB/ 512GB SSD/ Win11 Home/ 6GB Graph),Gigabyte,69990,66.0,Intel,Core i7,12.0,10.0,16.0,16.0,DDR4,512,0,15.0,1920x1080,2073600.0,False,RTX 4050,6,True,Windows 11,2
166,Lenovo V15 G4 Laptop (AMD Ryzen 5 7520U/ 8GB/ 512GB SSD/ Win11 Home),Lenovo,34821,50.0,AMD,Ryzen 5,7.0,4.0,8.0,8.0,DDR5,512,0,15.6,1920x1080,2073600.0,False,Radeon Graphics,0,False,Windows 11,1
167,Acer Aspire 5 A515-58GM 15 2023 Gaming Laptop (13th Gen Core i5/ 16GB/ 512GB SSD/ Win11/ 4GB Graphics),Acer,60999,61.0,Intel,Core i5,13.0,8.0,12.0,16.0,DDR4,512,0,15.6,1920x1080,2073600.0,False,RTX 2050,4,True,Windows 11,1
168,Lenovo Yoga Slim 6 14IAP8 82WU0095IN Laptop (12th Gen Core i5/ 16GB/ 512GB SSD/ Win11 Home),Lenovo,63700,62.0,Intel,Core i5,12.0,12.0,16.0,16.0,LPDDR5,512,0,14.0,2240x1400,3136000.0,False,Integrated,0,False,Windows 11,1
169,Zebronics Pro Series Y ZEB-NBC 1S Laptop (11th Gen Core i3 / 8GB/ 512GB SSD/ Win11 Home),Other,23990,51.0,Intel,Core i3,11.0,4.0,8.0,8.0,LPDDR4,512,0,15.6,1920x1080,2073600.0,False,Integrated,0,False,Windows 11,1
170,Asus TUF Gaming F17 FX707ZC4-HX048WS Gaming Laptop (12th Gen Core i5/ 8GB/ 512GB SSD/ Win11/ 4GB Graph),Asus,71990,66.0,Intel,Core i5,12.0,12.0,16.0,8.0,DDR5,512,0,17.3,1920x1080,2073600.0,False,RTX 3050,4,True,Windows 11,1
171,MSI Bravo 15 B7ED-012IN Gaming Laptop (AMD Ryzen 5 7535HS/ 8GB/ 512GB SSD/ Win11 Home/ 4GB Graph),MSI,49990,61.0,AMD,Ryzen 5,7.0,6.0,12.0,8.0,DDR5,512,0,15.6,1920x1080,2073600.0,False,Radeon RX6550M,4,True,Windows 11,1
172,Asus Vivobook 16 2023 X1605VA-MB947WS Laptop (13th Gen Core i9/ 16GB/ 512GB SSD/ Win11 Home),Asus,77990,65.0,Intel,Core i9,13.0,14.0,20.0,16.0,DDR4,512,0,16.0,1920x1200,2304000.0,False,Iris Xe Graphics,0,False,Windows 11,1
173,Dell Inspiron 15 3520 IN352092K4N001ORS1 Laptop (12th Gen Core i5/ 16GB/ 512GB SSD/ Win11),Dell,52499,52.0,Intel,Core i5,12.0,10.0,12.0,16.0,DDR4,512,0,15.6,1920x1080,2073600.0,False,Integrated Graphics,0,False,Windows 11,1
174,Chuwi FreeBook Laptop (12th Gen Core i3/ 12GB/ 512GB SSD/ Win11),Chuwi,27990,,Intel,Core i3,12.0,6.0,8.0,12.0,LPDDR4,512,0,13.5,2256x1504,3393024.0,True,UHD Graphics,0,False,Windows 11,1
175,HP 15S-FQ5202TU Laptop (12th Gen Core i5/ 8 GB RAM/ 512 GB SSD/ Win 11),HP,47990,53.0,Intel,Core i5,12.0,10.0,12.0,8.0,DDR4,512,0,15.6,1920x1080,2073600.0,False,Iris Xe Graphics,0,False,Windows 11,1
176,Infinix INBook X3 Slim XL422 2023 Laptop (12th Gen Core i3/ 8GB/ 512GB SSD/ Win 11 Home),Infinix,29990,,Intel,Core i3,12.0,6.0,8.0,8.0,LPDDR4X,512,0,14.0,1920x1080,2073600.0,False,Integrated,0,False,Windows 11,1
177,HP Victus 15-fb0150AX Gaming Laptop (AMD Ryzen 5 5600H/ 16GB/ 512GB SSD/ Win11/ 4GB Graph),HP,52499,68.0,AMD,Ryzen 5,5.0,6.0,12.0,16.0,DDR4,512,0,15.6,1920x1080,2073600.0,False,Radeon RX 6500M,4,True,Windows 11,1
178,Asus TUF Gaming F15 FX577ZC-HN192W Gaming Laptop (12th Gen Core i7/ 16GB/1TB SSD/ Win11 / 4GB Graph),Asus,84990,72.0,Intel,Core i7,12.0,14.0,20.0,16.0,DDR5,1024,0,15.6,1920x1080,2073600.0,False,RTX 3050,4,True,Windows 11,1
179,MSI Thin GF63 11SC-1494IN Gaming Laptop (11th Gen Core i5/ 8GB/ 512GB SSD/ Win11 Home/ 4GB Graph),MSI,41990,60.0,Intel,Core i5,11.0,6.0,12.0,8.0,DDR4,512,0,15.6,1920x1080,2073600.0,False,GTX 1650,4,True,Windows 11,2
180,Asus VivoBook 15 X1500EA-EJ326WS Laptop (11th Gen Core i3/ 8GB/ 512GB SSD/ Win11),Asus,31990,52.0,Intel,Core i3,11.0,2.0,4.0,8.0,DDR4,512,0,15.6,1920x1080,2073600.0,False,UHD Graphics,0,False,Windows 11,1
181,Lenovo LOQ 15IRH8 82XV00BRIN 2023 Gaming Laptop (13th Gen Core i7/ 16GB/ 512GB SSD/ Win11/ 8GB Graph),Lenovo,104990,60.0,Intel,Core i7,13.0,,,16.0,DDR5,512,0,15.6,1920x1080,2073600.0,False,RTX 4060,8,True,Windows 11,1
182,HP Victus 16-D0314TX Gaming Laptop (11th Gen Core i5/ 16GB/ 512GB SSD/ Win11/ 4GB Graph),HP,60200,71.0,Intel,Core i5,11.0,6.0,12.0,16.0,DDR4,512,0,16.1,1920x1080,2073600.0,False,GTX 1650,4,True,Windows 11,1
183,Asus Zenbook 14X OLED 2023 UX5401ZA-KM541WS Laptop (12th Gen Core i5/ 16GB/ 512GB SSD/ Win11 Home),Asus,67990,62.0,Intel,Core i5,12.0,12.0,16.0,16.0,DDR4,512,0,14.0,2880x1800,5184000.0,False,Integrated,0,False,Windows 11,1
184,Acer Aspire Lite AL15 Laptop (AMD Ryzen 5 5500U/ 16GB/ 512GB SSD/ Win11),Acer,36990,56.0,AMD,Ryzen 5,5.0,6.0,12.0,16.0,DDR4,512,0,15.6,1920x1080,2073600.0,False,Integrated,0,False,Windows 11,1
185,Walker NU14A1 Laptop (Celeron N4020/ 4GB/ 128GB SSD / Win11 Home),Other,12990,,Intel,Celeron,,2.0,2.0,4.0,DDR4,128,0,14.1,1920x1080,2073600.0,False,UHD Graphics,0,False,Windows 11,1
186,Asus Vivobook 16X 2023 K3605ZU-MB541WS Laptop (12th Gen Core i5/ 16GB/ 512GB SSD/ Win11 Home/ 6GB Graph),Asus,76990,69.0,Intel,Core i5,12.0,8.0,12.0,16.0,DDR4,512,0,16.0,1920x1200,2304000.0,False,RTX 4050,6,True,Windows 11,1
187,HP Pavilion Plus 14-eh1022TU Laptop (13th Gen Core i5/ 16GB/ 512GB SSD/ Win 11),HP,72490,64.0,Intel,Core i5,13.0,12.0,16.0,16.0,DDR4,512,0,14.0,2240x1400,3136000.0,False,Iris Xe Graphics,0,False,Windows 11,1
188,Infinix Zerobook ZL513 2023 Laptop (13th Gen Core i5/ 16GB/ 512GB SSD/ Win 11 Home),Infinix,49990,52.0,Intel,Core i5,13.0,12.0,16.0,16.0,LPDDR5X,512,0,15.6,1920x1080,2073600.0,False,Integrated,0,False,Windows 11,1
189,Dell Latitude 3420 GD723YX17 Laptop (11th Gen Core i5/ 8GB/ 512GB SSD/ Ubuntu),Dell,37890,55.0,Intel,Core i5,11.0,4.0,8.0,8.0,DDR4,512,0,14.0,1366x768,1049088.0,False,UHD Graphics,0,False,Unspecified,1
190,Dell Inspiron 5630 Laptop (13th Gen Core i5/ 16GB/ 512GB SSD/ Win11),Dell,72990,66.0,Intel,Core i5,13.0,12.0,16.0,16.0,LPDDR5,512,0,16.0,2560x1600,4096000.0,False,Iris Xe Graphics,0,False,Windows 11,1
191,Acer Aspire 3 A315-59 NX.K6TSI.00C Laptop (12th Gen Core i3/ 8GB/ 512GB SSD/ Win11),Acer,31990,53.0,Intel,Core i3,12.0,6.0,8.0,8.0,DDR4,512,0,15.6,1920x1080,2073600.0,False,Iris Xe Graphics,0,False,Windows 11,1
192,Infinix INBook X2 Slim Series Laptop (11th Gen Core i3/ 8GB/ 512GB SSD/ Win 11 Home),Infinix,25990,53.0,Intel,Core i3,11.0,2.0,4.0,8.0,LPDDR4X,512,0,14.0,1920x1080,2073600.0,False,UHD Graphics,0,False,Windows 11,1
193,HP Victus 15-fb0137AX Gaming Laptop (Ryzen 7 5800H/ 16GB/ 512GB SSD/ Win11/ 4GB Graph),HP,64990,63.0,AMD,Ryzen 7,5.0,8.0,16.0,16.0,DDR4,512,0,15.6,1920x1080,2073600.0,False,RTX 3050,4,True,Windows 11,1
194,HP Pavilion 15s-fq5190TU Laptop (12th Gen Core i7/ 16GB/ 512GB SSD/ Win11 Home),HP,62842,61.0,Intel,Core i7,12.0,10.0,12.0,16.0,DDR4,512,0,15.6,1920x1080,2073600.0,False,Integrated,0,False,Windows 11,1
195,Lenovo V14 G3 82TSA01KIH Laptop (12th Gen Core i3/ 8GB/ 512GB SSD/ Dos),Lenovo,27799,,Intel,Core i3,12.0,6.0,8.0,8.0,DDR4,512,0,14.0,1920x1080,2073600.0,False,Integrated,0,False,Dos,1
196,HP Pavilion 15-eg3081TU Laptop (13th Gen Core i5/ 16GB/ 512GB SSD/ Win11 Home),HP,68990,62.0,Intel,Core i5,13.0,12.0,16.0,16.0,DDR4,512,0,15.6,1920x1080,2073600.0,False,Integrated,0,False,Windows 11,1
197,Asus Vivobook 14X OLED 2023 K3405VCB-KM542WS Laptop (13th Gen Core i5/ 16GB/ 512GB SSD/ Win11/4 GB Graphics),Asus,86990,64.0,Intel,Core i5,13.0,12.0,16.0,16.0,DDR4,512,0,14.0,2880x1800,5184000.0,False,RTX 3050,4,True,Windows 11,1
198,HP Victus 15-fb0122AX Gaming Laptop (AMD Ryzen 5 5600H/ 8GB/ 512GB SSD/ Win11/ 4GB Graph),HP,52999,63.0,AMD,Ryzen 5,5.0,6.0,12.0,8.0,DDR4,512,0,15.6,1920x1080,2073600.0,False,GTX 1650,4,True,Windows 11,1
199,Asus Vivobook Pro 16 OLED 2023 K6602VU-LZ952WS Laptop (13th Gen Core i9/ 16GB/ 1TB SSD/ Win11/ 6GB Graph),Asus,149990,,Intel,Core i9,13.0,14.0,20.0,16.0,DDR5,1024,0,16.0,3200x2000,6400000.0,False,RTX 4050,6,True,Windows 11,1
200,Acer Nitro 5 AN515-47 Gaming Laptop (AMD Ryzen 7 7735HS/ 16GB/ 512GB SSD/ Win11 Home/ 4GB Graph),Acer,69990,68.0,AMD,Ryzen 7,7.0,8.0,16.0,16.0,DDR5,512,0,15.6,1920x1080,2073600.0,False,RTX 3050,4,True,Windows 11,1
201,Apple MacBook Air 15 2023 Laptop (Apple M2/ 8GB/ 256GB SSD/ MacOS),Apple,113690,52.0,Apple,M2,,8.0,,8.0,DDR4,256,0,15.3,2880x1864,5368320.0,False,M2,0,False,Mac OS,1
202,HP Pavilion x360 14-ek1010TU Laptop (13th Gen Core i5/ 16GB/ 1TB SSD/ Win11),HP,74990,65.0,Intel,Core i5,13.0,10.0,12.0,16.0,DDR4,1024,0,14.0,1920x1080,2073600.0,True,Integrated,0,False,Windows 11,1
203,MSI Stealth 17 A13VH-055IN Gaming Laptop (13th Gen Core i9/ 64GB/ 2TB SSD/ Win11 Home/ 12GB Graph),MSI,489883,,Intel,Core i9,13.0,14.0,20.0,64.0,DDR5,2048,0,17.3,3840x2160,8294400.0,False,RTX4080,12,True,Windows 11,2
204,Acer Extensa EX215-23 NX.EH3SI.003 Laptop (Ryzen 5 7520U/ 8 GB/512 GB SSD/Win11 Home),Acer,31990,50.0,AMD,Ryzen 5,7.0,4.0,8.0,8.0,LPDDR5,512,0,15.6,1920x1080,2073600.0,False,Integrated,0,False,Windows 11,1
205,Samsung Galaxy Book 3 NP750XFG-KA3IN Laptop (13th Gen Core i7/ 16GB/ 512GB SSD/ Win11),Samsung,81990,56.0,Intel,Core i7,13.0,10.0,12.0,16.0,LPDDR4x,512,0,15.6,1920x1080,2073600.0,False,Iris Xe Graphics,0,False,Windows 11,1
206,Samsung Galaxy Book 3 Laptop (13th Gen Core i5/ 8GB/ 512GB SSD/ Win11),Samsung,69990,,Intel,Core i5,13.0,10.0,12.0,16.0,LPDDR4x,512,0,15.6,1920x1080,2073600.0,False,Iris Xe Graphics,0,False,Windows 11,1
207,HP Omen 17-ck1023TX Gaming Laptop (12th Gen Core i9/ 32GB/ 2TB SSD/ Win11/ 16GB Graph),HP,195999,,Intel,Core i9,12.0,16.0,24.0,32.0,DDR5,2048,0,17.3,2560x1440,3686400.0,False,RTX 3080Ti,16,True,Windows 11,1
208,Dell G15-5521 SE D560738WIN9B Laptop (12th Gen Core i7/ 16GB/ 1TB SSD/ Win11 Home/ 6GB Graph),Dell,99890,75.0,Intel,Core i7,12.0,14.0,20.0,16.0,DDR5,1024,0,15.6,2560x1440,3686400.0,False,RTX 3060,6,True,Windows 11,1
209,Acer Aspire 5 A515-57G UN.K9TSI.002 Gaming Laptop (12th Gen Core i5/ 16GB/ 512GB SSD/ Win11 Home/ 4GB Graph),Acer,52990,68.0,Intel,Core i5,12.0,12.0,16.0,16.0,DDR4,512,0,15.6,1920x1080,2073600.0,False,RTX 2050,4,True,Windows 11,1
210,Asus TUF Gaming A15 2022 FA577RE-HN055WS Gaming Laptop (AMD Ryzen 7 6800H/ 16GB/ 512GB SSD/ Win11/ 4GB Graph),Asus,72000,71.0,AMD,Ryzen 7,6.0,8.0,16.0,16.0,DDR5,512,0,15.6,1920x1080,2073600.0,False,RTX 3050 Ti,4,True,Windows 11,1
211,Asus Vivobook S14 OLED S3402ZA-KM501WS Laptop (12th Gen Core i5/ 16GB/ 512GB SSD/ Win11 Home),Asus,64990,63.0,Intel,Core i5,12.0,12.0,16.0,16.0,DDR4,512,0,14.0,2880x1800,5184000.0,False,Iris Xe Graphics,0,False,Windows 11,1
212,Dell G15-5520 Laptop (12th Gen Core i5/ 16GB/ 512GB SSD/ Win11 Home/ 4GB Graph),Dell,73776,68.0,Intel,Core i5,12.0,12.0,16.0,16.0,DDR5,512,0,15.6,1920x1080,2073600.0,False,RTX 3050,4,True,Windows 11,1
213,Dell Precision 5550 Laptop (10th Gen Core i7/ 16GB/ 512GB SSD/ Win10 Pro/ 4GB Graph),Dell,184999,66.0,Intel,Core i7,10.0,6.0,12.0,16.0,DDR4,512,0,15.6,1920x1200,2304000.0,False,Integrated,4,True,Windows 10,1
214,Lenovo Thinkpad E16 21JN004GIG Laptop (13th Gen Core i5/ 8GB/ 512GB SSD/ DOS),Lenovo,63490,59.0,Intel,Core i5,13.0,10.0,12.0,8.0,DDR4,512,0,16.0,1920x1080,2073600.0,False,Integrated,0,False,DOS,1
215,Infinix INBook Y4 Max Series YL613 Laptop (13th Gen Core i3/ 8GB/ 512GB SSD/ Win 11 Home),Infinix,37990,52.0,Intel,Core i3,13.0,6.0,8.0,8.0,LPDDR4X,512,0,16.0,1920x1200,2304000.0,False,Integrated,0,False,Windows 11,1
216,Lenovo IdeaPad Slim 3 ‎15IAH8 83ER00BCIN Laptop (12th Gen Core i5/ 16GB/ 512GB SSD/ Win11 Home),Lenovo,53390,57.0,Intel,Core i5,12.0,8.0,12.0,16.0,LPDDR5,512,0,15.6,1920x1080,2073600.0,False,UHD Graphics,0,False,Windows 11,1
217,HP Envy x360 15-fe0011TX Laptop (13th Gen Core i7/ 16GB/ 512GB SSD/ Win11/ 4GB Graphics),HP,120490,68.0,Intel,Core i7,13.0,10.0,12.0,16.0,LPDDR5,512,0,15.6,1920x1080,2073600.0,True,RTX 3050,4,True,Windows 11,1
218,Lenovo Thinkpad E16 G1 21JN004DIG Laptop (13th Gen Core i3/ 8GB/ 512GB SSD/ DOS),Lenovo,42990,59.0,Intel,Core i3,13.0,6.0,8.0,8.0,DDR4,512,0,16.0,1920x1080,2073600.0,False,Integrated,0,False,DOS,1
219,MSI Commercial 14 H A13MG-064IN Laptop (13th Gen Core i5/ 16GB/ 512GB SSD/ Win11),MSI,87990,62.0,Intel,Core i5,13.0,8.0,12.0,16.0,DDR4,512,0,14.0,1920x1200,2304000.0,False,Integrated,0,False,Windows 11,3
220,HP 15-FC0029AU Laptop (AMD Ryzen 5 7520U/ 8GB/ 512GB SSD/ Win11 Home),HP,41990,56.0,AMD,Ryzen 5,7.0,4.0,8.0,8.0,LPDDR5,512,0,15.6,1920x1080,2073600.0,False,Integrated,0,False,Windows 11,1
221,Lenovo IdeaPad 1 82V700ECIN Laptop (Celeron N4020/ 8GB/ 512GB SSD/ Win11 Home),Lenovo,30700,,Intel,Celeron,4.0,2.0,2.0,8.0,DDR4,512,0,15.6,1366x768,1049088.0,False,UHD Graphics,0,False,Windows 11,1
222,Honor MagicBook X16 Pro 2024 ‎Laptop (13th Gen Core i5/ 16GB/ 512GB SSD/ Win11 Home),Honor,79990,57.0,Intel,Core i5,13.0,8.0,12.0,16.0,LPDDR4x,512,0,16.0,1920x1200,2304000.0,False,UHD Graphics,0,False,Windows 11,1
224,Lenovo ThinkPad P14s 21K5S00700 Laptop (AMD Ryzen 7 Pro 7840U/ 32GB/ 512GB SSD/ Win11 Pro),Lenovo,109990,70.0,AMD,Ryzen 7,7.0,8.0,16.0,32.0,LPDDR5X,512,0,14.0,1920x1200,2304000.0,False,Integrated Graphics,0,False,Windows 11,3
225,HP Envy x360 14-fa0038AU Laptop (AMD Ryzen 5 8640HS/ 16GB/ 512GB SSD/ Win11),HP,86990,68.0,AMD,Ryzen 5,8.0,6.0,12.0,16.0,LPDDR5,512,0,14.0,1920x1200,2304000.0,True,Radeon Graphics,0,False,Windows 11,1
226,HP 15s-fq5327TU Laptop (12th Gen Core i3/ 8GB/ 512GB SSD/ Win11 Home),HP,37490,55.0,Intel,Core i3,12.0,6.0,8.0,8.0,DDR4,512,0,15.6,1920x1080,2073600.0,False,UHD Graphics,0,False,Windows 11,1
227,MSI Stealth 14 AI Studio A1VGG-054IN Gaming Laptop (Intel Core Ultra 7 155H/ 32GB/ 1TB SSD/ Win11 Home/ 8GB Graph),MSI,229990,,Intel,,,16.0,22.0,32.0,DDR5,1024,0,15.6,2880x1800,5184000.0,False,RTX 4060,8,True,Windows 11,2
228,MSI Katana A15 AI B8VE-418IN Gaming Laptop (AMD Ryzen 7 8845HS/ 16GB/ 512GB SSD/ Win11 /6GB Graph),MSI,104990,70.0,AMD,Ryzen 7,8.0,8.0,16.0,16.0,DDR5,512,0,15.75,1920x1080,2073600.0,False,RTX 4050,6,True,Windows 11,2
229,MSI Cyborg 15 AI A1VEK-050IN Gaming Laptop (Intel Core Ultra 7 155H/ 16GB/ 1TB SSD/ Win11/ 6GB Graph),MSI,107990,68.0,Intel,,,16.0,22.0,16.0,DDR5,1024,0,15.6,1920x1080,2073600.0,False,RTX 4050,6,True,Windows 11,2
230,MSI Cyborg 15 AI A1VEK-051IN Gaming Laptop (Intel Core Ultra 5 125H/ 16GB/ 1TB SSD/ Win11/ 6GB Graph),MSI,99990,66.0,Intel,,,14.0,18.0,16.0,DDR5,1024,0,15.6,1920x1080,2073600.0,False,RTX 4050,6,True,Windows 11,2
231,MSI Cyborg 15 AI A1VFK-049IN Gaming Laptop (Intel Core Ultra 7 155H/ 16GB/ 1TB SSD/ Win11/ 8GB Graph),MSI,114990,69.0,Intel,,,16.0,22.0,16.0,DDR5,1024,0,15.6,1920x1080,2073600.0,False,RTX 4060,8,True,Windows 11,2
232,MSI Raider GE78 HX 14VHG-805IN Gaming Laptop (14th Gen Core i9/ 32GB/ 2TB SSD/ Win11 Home/ 12GB Graph),MSI,299990,,Intel,Core i9,14.0,24.0,32.0,32.0,DDR5,2048,0,17.0,2560x1600,4096000.0,False,RTX 4080,12,True,Windows 11,2
233,MSI Commercial 14 H A13MG vPro-065IN Laptop (13th Gen Core i7/ 32GB/ 1TB SSD/Win11),MSI,109990,69.0,Intel,Core i7,13.0,14.0,20.0,32.0,DDR4,1024,0,14.0,1920x1200,2304000.0,False,Integrated,0,False,Windows 11,3
234,MSI Thin A15 AI B7UCX-068IN Gaming Laptop (AMD Ryzen 5 7535H/ 16GB/ 512GB SSD/ Win11/ 4GB Graph),MSI,65990,69.0,AMD,Ryzen 5,7.0,6.0,12.0,16.0,DDR4,512,0,15.6,1920x1080,2073600.0,False,RTX 2050,4,True,Windows 11,2
235,MSI Thin A15 AI B7UC-067IN Gaming Laptop (AMD Ryzen 5 7535H/ 16GB/ 512GB SSD/ Win11/ 4GB Graph),MSI,71990,70.0,AMD,Ryzen 5,7.0,6.0,12.0,16.0,DDR4,512,0,15.6,1920x1080,2073600.0,False,RTX 3050,4,True,Windows 11,2
236,MSI Thin A15 AI B7VE-066IN Gaming Laptop (AMD Ryzen 5 7535H/ 16GB/ 512GB SSD/ Win11/ 6GB Graph),MSI,81990,71.0,AMD,Ryzen 5,7.0,6.0,12.0,16.0,DDR4,512,0,15.6,1920x1080,2073600.0,False,RTX 4050,6,True,Windows 11,2
237,MSI Thin A15 AI B7VE-065IN Gaming Laptop (AMD Ryzen 7 7735H/ 16GB/ 1TB SSD/ Win11/ 6GB Graph),MSI,91990,73.0,AMD,Ryzen 7,7.0,8.0,16.0,16.0,DDR4,1024,0,15.6,1920x1080,2073600.0,False,RTX 4050,6,True,Windows 11,2
238,MSI Stealth 16 AI Studio A1VGG-057IN Gaming Laptop (Intel Core Ultra 9/ 32GB/ 2TB SSD/ Win11/ 8GB Graph),MSI,249990,,Intel,,,16.0,22.0,32.0,DDR5,2048,0,16.0,2560x1600,4096000.0,False,RTX 4060,8,True,Windows 11,2
239,MSI Vector 17 HX A14VHG-806IN Gaming Laptop (14th Gen Core i9/ 32GB/ 2TB SSD/ Win11 Home/ 12GB Graph),MSI,279990,,Intel,Core i9,14.0,24.0,32.0,32.0,DDR5,2048,0,17.0,2560x1600,4096000.0,False,RTX 4080,12,True,Windows 11,2
240,Chuwi HeroBook Plus Laptop (Intel Celeron N4020/ 8GB/ 256GB SSD/ Win11),Chuwi,18990,,Intel,Celeron,,2.0,2.0,8.0,DDR3,256,0,15.6,1920x1080,2073600.0,False,Integrated,0,False,Windows 11,1
241,HP Omen 16-wf0179TX Gaming Laptop (13th Gen Core i7/ 16GB/ 512GB SSD/ Win11/ 6GB Graph),HP,105990,72.0,Intel,Core i7,13.0,16.0,24.0,16.0,DDR5,512,0,16.1,2560x1440,3686400.0,False,RTX 3050,6,True,Windows 11,1
242,Infinix INBook X2 Slim XL23 Series Laptop (11th Gen Core i5/ 8GB/ 512GB SSD/ Win 11 Home),Infinix,32990,52.0,Intel,Core i5,11.0,4.0,8.0,8.0,LPDDR4X,512,0,14.0,1920x1080,2073600.0,False,Integrated,0,False,Windows 11,1
243,Asus Vivobook S15 OLED S5504VA-MA951WS Laptop (13th Gen Core i9/ 16GB/ 1TB SSD/ Win11),Asus,110709,66.0,Intel,Core i9,13.0,14.0,20.0,16.0,LPDDR5,1024,0,15.6,2880x1620,4665600.0,False,Iris Xe Graphics,0,False,Windows 11,1
244,MSI Modern 15 C13M-080IN Laptop (13th Gen Core i7/ 16GB/ 1TB SSD/ Win11 Home),MSI,69990,61.0,Intel,Core i7,13.0,14.0,20.0,16.0,DDR4,1024,0,15.6,1920x1080,2073600.0,False,Integrated,0,False,Windows 11,1
245,MSI Modern 15 C13M-079IN Laptop (13th Gen Core i9/ 16GB/ 1TB SSD/ Win11 Home),MSI,79990,66.0,Intel,Core i9,13.0,14.0,20.0,16.0,DDR4,1024,0,15.6,1920x1080,2073600.0,False,Integrated,0,False,Windows 11,1
246,MSI Modern 15 C13M-081IN Laptop (13th Gen Core i5/ 16GB/ 512GB SSD/ Win11 Home),MSI,59990,57.0,Intel,Core i5,13.0,8.0,12.0,16.0,DDR4,512,0,15.6,1920x1080,2073600.0,False,Integrated,0,False,Windows 11,1
247,Chuwi GemiBook Plus CWI620 Laptop (Intel Celeron N100/ 8GB/ 256GB SSD/ Win11 Home),Chuwi,21990,,Intel,Celeron,12.0,4.0,4.0,8.0,LPDDR5,256,0,15.6,1920x1080,2073600.0,False,UHD Graphics,0,False,Windows 11,1
248,HP Pavilion Plus 14-ew0116TU Laptop (13th Gen Core i5/ 16GB/ 512GB SSD/ Win 11),HP,70490,57.0,Intel,Core i5,13.0,10.0,12.0,16.0,LPDDR5x,512,0,14.0,1920x1200,2304000.0,False,Iris Xe Graphics,0,False,Windows 11,1
249,MSI Commercial 14 H A13MG-070IN Laptop (13th Gen Core i7/ 16 GB/ 1TB SSD/Win11 Home),MSI,97990,64.0,Intel,Core i7,13.0,10.0,16.0,16.0,DDR4,1024,0,14.0,1920x1200,2304000.0,False,Integrated,0,False,Windows 11,3
250,MSI Stealth 16 AI Studio A1VFG-058IN Gaming Laptop (Intel Core Ultra 7/ 32GB/ 1TB SSD/ Win11 Home/ 8GB Graph),MSI,199990,,Intel,,,16.0,22.0,32.0,DDR5,1024,0,16.0,2560x1600,4096000.0,False,RTX 4060,8,True,Windows 11,2
251,MSI Modern 14 D13MG-073IN Laptop (13th Gen Core i5/ 16GB/ 512GB SSD/ Win11 Home),MSI,58990,56.0,Intel,Core i5,13.0,8.0,12.0,16.0,DDR4,512,0,14.0,1920x1200,2304000.0,False,Integrated,0,False,Windows 11,1
252,MSI Prestige 16 AI Studio B1VFG 2024 Laptop ( Intel Core Ultra 9/ 32GB/ 1TB SSD/ Win11/ 8GB Graphics),MSI,189990,,Intel,,,16.0,22.0,32.0,LPDDR5,1024,0,16.0,2560x1600,4096000.0,False,RTX 4060,8,True,Windows 11,2
253,Lenovo LOQ 15IRH8 82XV00LTIN 2023 Gaming Laptop (12th Gen Core i5/ 16GB/ 512GB SSD/ Win11/ 4GB Graph),Lenovo,73882,68.0,Intel,Core i5,12.0,8.0,12.0,16.0,DDR5,512,0,15.6,1920x1080,2073600.0,False,RTX 2050,4,True,Windows 11,1
254,Lenovo IdeaPad Slim 3 82H803W7IN Laptop (11th Gen Core i3/ 8GB/ 512GB SSD/ Win11),Lenovo,35500,,Intel,Core i3,11.0,2.0,4.0,8.0,DDR4,512,0,15.6,1920x1080,2073600.0,False,UHD Graphics,0,False,Windows 11,1
255,Dell Inspiron 5620 ICC-C783534WIN8 Laptop (12th Gen Core i5/ 16GB/ 512GB SSD/ Win11),Dell,64990,66.0,Intel,Core i5,12.0,12.0,16.0,16.0,DDR4,512,0,16.0,1920x1080,2073600.0,False,Integrated,0,False,Windows 11,1
256,MSI Prestige 16 AI Studio B1VFG Laptop ( Intel Core Ultra 7/ 32GB/ 1TB SSD/ Win11/ 8GB Graphics),MSI,169990,,Intel,,,16.0,22.0,32.0,LPDDR5,1024,0,16.0,2560x1600,4096000.0,False,RTX 4060,8,True,Windows 11,2
257,MSI Modern 14 D13MG-071IN Laptop (13th Gen Core i9/ 16GB/ 1TB SSD/ Win11 Home),MSI,78990,66.0,Intel,Core i9,13.0,14.0,20.0,16.0,DDR4,1024,0,14.0,1920x1200,2304000.0,False,Integrated,0,False,Windows 11,1
258,MSI Modern 14 D13MG-072IN Laptop (13th Gen Core i7/ 16GB/ 1TB SSD/ Win11 Home),MSI,68990,60.0,Intel,Core i7,13.0,10.0,16.0,16.0,DDR4,1024,0,14.0,1920x1200,2304000.0,False,Integrated,0,False,Windows 11,1
259,MSI Prestige 16 AI Evo  B1MG Laptop ( Intel Core Ultra 7/ 16GB/ 1TB SSD/ Win11),MSI,119990,70.0,Intel,,,16.0,22.0,16.0,LPDDR5,1024,0,16.0,2561x1600,4097600.0,False,Integrated,0,False,Windows 11,2
260,MSI Prestige 13 AI Evo A1MG 2024 Laptop (Intel Core Ultra 7/ 16GB/ 1TB SSD/ Win11 Home),MSI,114990,69.0,Intel,,,16.0,22.0,16.0,LPDDR5,1024,0,13.3,2880x1800,5184000.0,False,Integrated,0,False,Windows 11,2
261,MSI Prestige 13 AI Evo A1MG Laptop (Intel Core Ultra 5/ 16GB/ 1TB SSD/ Win11 Home),MSI,99990,66.0,Intel,,,14.0,18.0,16.0,LPDDR5,1024,0,13.3,2880x1800,5184000.0,False,Integrated,0,False,Windows 11,2
262,MSI Prestige 16 AI Studio B1VEG Laptop ( Intel Core Ultra 7/ 32GB/ 1TB SSD/ Win11/ 6GB Graphics),MSI,159990,,Intel,,,16.0,22.0,32.0,LPDDR5,1024,0,16.0,2560x1600,4096000.0,False,RTX 4050,6,True,Windows 11,2
263,Asus ROG Strix SCAR 16 2024 G634JZR-CM932WS Gaming Laptop (14th Gen Core i9/ 32GB/ 2TB SSD/ Win11 Home/ 12GB Graph),Asus,289990,,Intel,Core i9,14.0,24.0,32.0,32.0,DDR5,2048,0,16.0,2560x1600,4096000.0,False,RTX 4080,12,True,Windows 11,1
264,Asus TUF F17 FX706HF-NY040W Gaming Laptop (11th Gen Core i5/ 16GB/ 512GB SSD/ Win11/ 4GB Graph),Asus,65990,63.0,Intel,Core i5,11.0,6.0,12.0,16.0,DDR6,512,0,17.3,1920x1080,2073600.0,False,RTX 2050,4,True,Windows 11,1
265,HP Pavilion 15-eh1147AU Laptop (AMD Ryzen 7 5700U/ 16GB/ 1TB SSD/ Win11 Home),HP,60490,63.0,AMD,Ryzen 7,5.0,8.0,16.0,16.0,DDR4,1024,0,15.6,1920x1080,2073600.0,False,Integrated,0,False,Windows 11,1
266,Asus Zenbook 14 OLED 2024 UX3405MA-PZ552WS Laptop (Intel Core Ultra 5/ 16GB/ 1TB SSD/ Win11 Home),Asus,102900,63.0,Intel,,,14.0,18.0,16.0,LPDDR5X,1024,0,14.0,2880x1800,5184000.0,True,Integrated,0,False,Windows 11,1
267,Dell Vostro 3530 Laptop (13th Gen Core i3/ 8GB/ 512GB SSD/ Win11),Dell,39990,52.0,Intel,Core i3,13.0,5.0,6.0,8.0,DDR4,512,0,15.6,1920x1080,2073600.0,False,Integrated Graphics,0,False,Windows 11,1
268,Lenovo ThinkPad E14 21JKS0UA00 Laptop (13th Gen Core i5/ 16GB/ 512GB SSD/ Win11 Home),Lenovo,73990,55.0,Intel,Core i5,13.0,10.0,12.0,16.0,DDR4,512,0,14.0,1920x1200,2304000.0,False,UHD Graphics,0,False,Windows 11,1
269,Lenovo Thinkbook 15 21DJA0FGIH Laptop (12th Gen Core i5/ 16GB/ 512GB SSD/ Win11 Home),Lenovo,55990,60.0,Intel,Core i5,12.0,10.0,12.0,16.0,DDR4,512,0,15.6,1920x1080,2073600.0,False,Iris Xe Graphics,0,False,Windows 11,1
270,Lenovo IdeaPad Slim 5 14IMH9 83DA0043IN Laptop (Intel Core Ultra 5/ 16 GB RAM/ 1TB SSD/ Win 11),Lenovo,79990,55.0,Intel,,,14.0,18.0,16.0,DDR4,1024,0,14.0,1920x1200,2304000.0,False,Integrated,0,False,Windows 11,1
271,HP 14-ew0153TU Laptop (13th Gen Core i7/ 16GB/ 1TB SSD/ Win11 Home),HP,97990,60.0,Intel,Core i7,13.0,10.0,12.0,16.0,LPDDR5x,1024,0,14.0,2880x1800,5184000.0,False,Integrated,0,False,Windows 11,1
272,Acer Swift Go 14 SFG14-72T Laptop (Intel Core Ultra 5 125H/ 16GB/ 512GB SSD/ Win11 Home),Acer,79799,56.0,Intel,,,14.0,18.0,16.0,LPDDR5X,512,0,14.0,1920x1200,2304000.0,False,Integrated,0,False,Windows 11,1
273,HP Spectre x360 16-aa0664TX Laptop (Intel Core Ultra 7/ 32GB/ 1TB SSD/ Win11/ 6GB Graph),HP,195990,,Intel,,,16.0,22.0,32.0,LPDDR5x,1024,0,16.0,2880x1800,5184000.0,True,RTX 4050,6,True,Windows 11,1
274,Chuwi Ubook X Laptop (10th Gen Core i3/ 12GB/ 512GB SSD/ Win11),Chuwi,39990,,Intel,Core i3,10.0,4.0,8.0,12.0,LPDDR3,512,0,12.0,2160x1440,3110400.0,False,UHD Graphics,0,False,Windows 11,1
275,HP Pavilion 15-eh1047AU Laptop (Ryzen 5 5500U/ 16GB/ 1TB SSD/ Win11 Home),HP,55990,62.0,AMD,Ryzen 5,5.0,6.0,12.0,16.0,DDR4,1024,0,15.6,1920x1080,2073600.0,False,Radeon Graphics,0,False,Windows 11,1
276,Acer Aspire Lite 15 AL15-52 Laptop (12th Gen Core i3/ 16GB/ 1TB SSD/ Win11),Acer,38249,57.0,Intel,Core i3,12.0,6.0,8.0,16.0,DDR4,1024,0,15.6,1920x1080,2073600.0,False,UHD Graphics,0,False,Windows 11,1
277,HP Omen 16-xd0010AX Gaming Laptop (AMD Ryzen 7 7840HS/ 16GB/ 1TB SSD/ Win11/ 6GB Graph),HP,115999,75.0,AMD,Ryzen 7,7.0,8.0,16.0,16.0,DDR5,1024,0,16.1,1920x1080,2073600.0,False,RTX 4050,6,True,Windows 11,1
278,Infinix INBook Y4 Max Series YL613 Laptop (13th Gen Core i7/ 16GB/ 512GB SSD/ Win 11 Home),Infinix,52990,54.0,Intel,Core i7,13.0,10.0,12.0,16.0,LPDDR4X,512,0,16.0,1920x1200,2304000.0,False,Integrated,0,False,Windows 11,1
279,Dell G15-5530 GN5530194YM001ORB1 Gaming Laptop (13th Gen Core i7/ 16GB/ 1TB SSD/ Win11/ RTX 3050 6GB Graph),Dell,101990,69.0,Intel,Core i7,13.0,14.0,,16.0,DDR5,1024,0,15.6,1920x1080,2073600.0,False,RTX 3050,6,True,Windows 11,1
280,Lenovo IdeaPad Slim 3 15IAH8 83ER008HIN Laptop (12th Gen Core i5/ 16GB/ 512GB SSD/ Win11 Home),Lenovo,54990,57.0,Intel,Core i5,12.0,8.0,12.0,16.0,LPDDR5,512,0,15.6,1920x1080,2073600.0,False,UHD Graphics,0,False,Windows 11,1
281,Lenovo Yoga Slim 6 14IRH8 83E00014IN Laptop (13th Gen Core i7/ 16GB/ 1TB SSD/ Win11 Home),Lenovo,91990,57.0,Intel,Core i7,13.0,14.0,20.0,16.0,LPDDR5,1024,0,14.0,1920x1200,2304000.0,False,Integrated,0,False,Windows 11,1
282,Lenovo Ideapad Slim 3 Chromebook 14IAN8 83BN001PHA Laptop (Intel Pentium N100/ 4GB/ 128GB eMMC/ Chrome OS),Lenovo,28190,,Intel,Pentium,,4.0,4.0,4.0,LPDDR4X,0,128,14.0,1366x768,1049088.0,False,UHD Graphics,0,False,Chrome OS,1
283,Lenovo Ideapad Slim 3 Chrome 14M868 82XJ002LHA Laptop (MediaTek Kompanio 520/ 4GB/ 128GB eMMC/ Chrome OS),Lenovo,15990,,,,,8.0,,4.0,LPDDR4X,0,128,14.0,1366x768,1049088.0,False,Integrated,0,False,Chrome OS,1
284,Lenovo Ideapad Slim 3 Chrome 14M868 82XJ002RHA Laptop (MediaTek Kompanio 520/ 8GB/ 128GB eMMC/ Chrome OS),Lenovo,17990,,,,,8.0,,8.0,LPDDR4X,0,128,14.0,1366x768,1049088.0,False,Integrated,0,False,Chrome OS,1
285,Lenovo LOQ 15IRX9 83DV007JIN Gaming Laptop (13th Gen Core i5/ 16GB/ 512GB SSD/ Win11/ 6GB Graph),Lenovo,84990,66.0,Intel,Core i5,13.0,10.0,16.0,16.0,DDR5,512,0,15.6,1920x1080,2073600.0,False,RTX 3050,6,True,Windows 11,1
286,Lenovo IdeaPad Slim 3 83EM0026IN Laptop (13th Gen Core i5/ 16GB/ 512GB SSD/ Win11),Lenovo,59390,54.0,Intel,Core i5,13.0,8.0,12.0,16.0,LPDDR5,512,0,15.6,1920x1080,2073600.0,False,UHD Graphics,0,False,Windows 11,1
287,Lenovo LOQ 15IRX9 83DV007HIN Gaming Laptop (13th Gen Core i7/ 16GB/ 512GB SSD/ Win11/ 6GB Graph),Lenovo,99990,65.0,Intel,Core i7,13.0,14.0,,16.0,DDR5,512,0,15.6,1920x1080,2073600.0,False,RTX 4050,6,True,Windows 11,1
288,HP Pavilion 15-eh3039AU Laptop ( AMD Ryzen 5 7530U/ 16GB/ 512GB SSD/ Win11 Home),HP,58500,61.0,AMD,Ryzen 5,7.0,6.0,12.0,16.0,DDR4,512,0,15.6,1920x1080,2073600.0,False,Radeon Graphics,0,False,Windows 11,1
289,Lenovo ThinkBook 14 21KG00AFIN Laptop (13th Gen Core i3/ 8GB/ 512GB SSD/ Win 11 Home),Lenovo,43990,59.0,Intel,Core i3,13.0,6.0,8.0,8.0,DDR5,512,0,14.0,1920x1080,2073600.0,False,UHD Graphics,0,False,Windows 11,1
290,Asus TUF Gaming F17 FX706HF-HX044WS Laptop (11th Gen Core i5/ 8GB/ 512GB SSD/ Win11/ 4GB Graph),Asus,51990,59.0,Intel,Core i5,11.0,6.0,12.0,8.0,DDR4,512,0,17.0,1920x1080,2073600.0,False,RTX 2050,4,True,Windows 11,1
291,HP 15s-fr5010TU Laptop (12th Gen Core i5/8GB/ 512GB SSD/ Win11 Home),HP,52500,55.0,Intel,Core i5,12.0,10.0,12.0,8.0,DDR4,512,0,15.6,1920x1080,2073600.0,False,UHD Graphics,0,False,Windows 11,1
292,Asus Chromebook CM14 CM1402CM2A-EK0085 Laptop (MediaTek Kompanio 520/ 8GB/ 128GB eMMC/ Chrome OS),Asus,26990,,,,,8.0,,8.0,LPDDR4X,0,128,14.0,1920x1080,2073600.0,True,M1,0,False,Chrome OS,1
293,Lenovo LOQ 15IAX9I 83FQ0009IN Gaming Laptop (12th Gen Core i5/ 8GB/ 512GB SSD/ Win11/ 4GB Graph),Lenovo,59990,57.0,Intel,Core i5,12.0,8.0,12.0,8.0,DDR5,512,0,15.6,1920x1080,2073600.0,False,Integrated,4,True,Windows 11,1
294,Lenovo ThinkPad E1 21JNS03P00 Laptop (12th Gen Core i3/ 8GB/ 512GB SSD/ Win11 Home),Lenovo,49990,55.0,Intel,Core i3,12.0,6.0,8.0,8.0,DDR4,512,0,16.0,1920x1200,2304000.0,False,UHD Graphics,0,False,Windows 11,1
295,Lenovo ThinkBook 15 G5 21JFA016IN Laptop (AMD Ryzen 5 7530U/ 16GB/ 512 GB SSD/ Win11),Lenovo,52990,66.0,AMD,Ryzen 5,7.0,6.0,12.0,16.0,DDR4,512,0,15.6,1920x1080,2073600.0,False,Integrated,0,False,Windows 11,1
296,Lenovo ThinkBook 15 G5 21JF002PIN Laptop (AMD Ryzen 5 7530U/ 8GB/ 512 GB SSD/ Win11),Lenovo,39990,64.0,AMD,Ryzen 5,7.0,6.0,12.0,8.0,DDR4,512,0,15.6,1920x1080,2073600.0,False,Integrated,0,False,Windows 11,1
297,HP Spectre x360 16-aa0665TU Laptop (Intel Core Ultra 7/ 32GB/ 2TB SSD/ Win11 Home),HP,174490,,Intel,,,16.0,22.0,32.0,LPDDR5x,2048,0,16.0,2880x1800,5184000.0,True,Integrated,0,False,Windows 11,1
298,Acer Aspire Lite AL15-52 15 Laptop (12th Gen Core i5/ 16GB/ 1TB SSD/ Win11),Acer,49199,60.0,Intel,Core i5,12.0,10.0,12.0,16.0,DDR4,1024,0,15.6,1920x1080,2073600.0,False,Iris Xe Graphics,0,False,Windows 11,1
299,HP Spectre x360 14-eu0666TU Laptop (Intel Core Ultra 7/ 32GB/ 1TB SSD/ Win11 Home),HP,159990,75.0,Intel,,,16.0,22.0,32.0,LPDDR5x,1024,0,14.0,2880x1800,5184000.0,True,Integrated,0,False,Windows 11,1
300,HP Spectre x360 14-eu0556TU Laptop (Intel Core Ultra 7/ 32GB/ 1TB SSD/ Win11 Home),HP,159990,75.0,Intel,,,16.0,22.0,32.0,LPDDR5x,1024,0,14.0,2880x1800,5184000.0,True,Integrated,0,False,Windows 11,1
301,HP Omen 16-wf1026TX Gaming Laptop (14th Gen Core i7/ 16GB/ 1TB SSD/ Win11 Home/ 8GB Graph),HP,176499,,Intel,Core i7,14.0,20.0,28.0,16.0,DDR5,1024,0,16.1,1920x1080,2073600.0,False,RTX 4070,8,True,Windows 11,1
302,Chuwi Gemibook X Pro Laptop (Intel Celeron N100/ 8 GB/ 256 GB SSD/ Win11 Home),Chuwi,20990,,Intel,Celeron,12.0,4.0,4.0,8.0,LPDDR5,256,0,14.1,1920x1080,2073600.0,False,UHD Graphics,0,False,Windows 11,1
303,Asus VivoBook 14 X1400EA-EK543WS Notebook (11th Gen Core i5/16GB/ 512GB SSD/ Win11 Home),Asus,43990,53.0,Intel,Core i5,11.0,4.0,8.0,16.0,DDR4,512,0,14.0,1920x1080,2073600.0,False,Integrated,0,False,Windows 11,1
305,Lenovo IdeaPad Slim 3 82X60013IN Laptop (13th Gen Core i3/ 8GB/ 512GB SSD/ Win11),Lenovo,43990,,Intel,Core i3,13.0,5.0,6.0,8.0,LPDDR5,512,0,15.6,1920x1080,2073600.0,False,UHD Graphics,0,False,Windows 11,1
306,Chuwi CoreBook X Laptop (10th Gen Core i5/ 16GB/ 512GB SSD/ Win11),Chuwi,34990,51.0,Intel,Core i5,10.0,4.0,8.0,16.0,DDR4,512,0,14.0,2160x1440,3110400.0,False,UHD Graphics,0,False,Windows 11,1
307,Avita Liber Liber E AM14A2INL54F Laptop (AMD Ryzen 5 5500U/ 8GB/ 256GB SSD/ Win11 Home),Avita,32971,,AMD,Ryzen 5,5.0,6.0,12.0,8.0,DDR4,256,0,14.0,1920x1080,2073600.0,False,M1,0,False,Windows 11,1
308,Ultimus Lite NU14U3INC54BN Laptop (Celeron N4020/ 8GB/ 256GB SSD/ Win11 Home),Other,15990,,Intel,Celeron,,2.0,2.0,8.0,DDR4,256,0,14.1,1366x768,1049088.0,False,UHD Graphics,0,False,Windows 11,1
309,Lenovo ThinkPad X1 Fold Gen 1 Laptop (Intel Core i5/ 8GB/ 1TB SSD/ Win10 Pro),Lenovo,145000,57.0,Intel,Core i5,11.0,5.0,5.0,8.0,LPDDR4X,1024,0,13.3,2048x1536,3145728.0,True,Integrated Graphics,0,False,Windows 10,1
310,Lenovo IdeaPad Slim 3 15IRH8 83EM0025IN Laptop (13th Gen Core i5/ 16GB/ 512GB SSD/ Win11),Lenovo,59490,54.0,Intel,Core i5,13.0,8.0,12.0,16.0,LPDDR5,512,0,15.6,1920x1080,2073600.0,False,UHD Graphics,0,False,Windows 11,1
311,Dell G15-5530 Gaming Laptop (13th Gen Core i5/ 16GB/ 1TB SSD/ Win11/ 6GB Graph),Dell,82490,68.0,Intel,Core i5,13.0,10.0,16.0,16.0,DDR5,1024,0,15.6,1920x1080,2073600.0,False,RTX 3050,6,True,Windows 11,1
312,Dell ‎G16 7630 Gaming Laptop (13th Gen Core i9/ 16GB/ 1TB SSD/ Win11/ 8GB Graph),Dell,187490,77.0,Intel,Core i9,13.0,24.0,32.0,16.0,DDR5,1024,0,16.0,2560x1600,4096000.0,False,RTX 4070,8,True,Windows 11,1
313,HP Envy x360 15-fh0014AU Laptop (AMD Ryzen 5 7530U/ 8GB/ 512GB SSD/ Win11 Home),HP,80640,60.0,AMD,Ryzen 5,7.0,6.0,12.0,8.0,LPDDR5,512,0,15.6,1920x1080,2073600.0,True,Integrated,0,False,Windows 11,1
314,Lenovo IdeaPad Slim 3 83ER008DIN Laptop (12th Gen Core i5/ 16GB/ 512GB SSD/ Win11),Lenovo,53490,55.0,Intel,Core i5,12.0,8.0,12.0,16.0,LPDDR5,512,0,15.6,1920x1080,2073600.0,False,Integrated,0,False,Windows 11,1
315,Infinix INBook Y2 Plus XL29 Laptop (11th Gen Core i3/ 8GB/ 512GB SSD/ Win 11 Home),Infinix,24990,,Intel,Core i3,11.0,2.0,4.0,8.0,LPDDR4X,512,0,15.6,1920x1080,2073600.0,False,Integrated,0,False,Windows 11,1
316,HP Omen 16-wf0054TX Gaming Laptop (13th Gen Core i7/ 16GB/ 512GB SSD/ Win11 Home/ 8GB Graph),HP,151490,73.0,Intel,Core i7,13.0,16.0,24.0,16.0,DDR5,512,0,16.1,1920x1080,2073600.0,False,RTX 4060,8,True,Windows 11,1
317,MSI Prestige 13 AI Evo A1M Laptop (Intel Core Ultra 7/ 16GB/ 512GB SSD/ Win11 Home),MSI,113999,64.0,Intel,,,16.0,22.0,16.0,LPDDR5,512,0,13.3,1920x1200,2304000.0,False,Integrated,0,False,Windows 11,2
318,Lenovo Ideapad Flex 5 14IAU7 82R700KHIN Laptop (12th Gen Core i3/ 8GB/ 512GB SSD/ Win11 Home),Lenovo,53990,53.0,Intel,Core i3,12.0,6.0,8.0,8.0,LPDDR4,512,0,14.0,1920x1200,2304000.0,True,Integrated,0,False,Windows 11,1
319,Asus Zenbook 14 OLED UX3405 Laptop (Intel Core Ultra 9 / 16GB/ 512GB SSD/ Win11 Home),Asus,149990,65.0,Intel,,,16.0,22.0,16.0,LPDDR5X,512,0,14.0,2880x1800,5184000.0,False,Integrated,0,False,Windows 11,1
320,Acer Predator Triton Neo 16 Laptop (Intel Core Ultra 9 / 32GB/ 2TB SSD/ Win11 Home/ 8GB Graph),Acer,199999,74.0,Intel,,,16.0,22.0,32.0,LPDDR5x,2048,0,16.0,3200x2000,6400000.0,False,RTX 4070,8,True,Windows 11,1
321,Lenovo V14 82KAA0AMIH Laptop (11th Gen Core i5/ 8GB/ 512GB SSD/ DOS),Lenovo,45990,53.0,Intel,Core i5,11.0,4.0,8.0,8.0,DDR4,512,0,14.0,1366x768,1049088.0,False,UHD Graphics,0,False,DOS,1
322,Lenovo IdeaPad Slim 3 82H803HQIN Laptop (11th Gen Core i5/ 8GB/ 512GB SSD/ Win11),Lenovo,48900,60.0,Intel,Core i5,11.0,4.0,8.0,8.0,DDR4,512,0,15.6,1920x1080,2073600.0,False,Iris Xe Graphics,0,False,Windows 11,1
323,Lenovo IdeaPad Slim 3 82H803LKIN Laptop (11th Gen Core i5/ 16GB/ 512GB SSD/ Win11),Lenovo,49999,62.0,Intel,Core i5,11.0,4.0,8.0,16.0,DDR4,512,0,15.6,1920x1080,2073600.0,False,Iris Xe Graphics,0,False,Windows 11,1
324,Lenovo V14 82KAA01QIH Laptop (11th Gen Core i5/ 8GB/ 512GB SSD/ Win10 Home),Lenovo,45990,57.0,Intel,Core i5,11.0,4.0,8.0,8.0,DDR4,512,0,14.0,1920x1080,2073600.0,False,Integrated,0,False,Windows 10,1
325,Lenovo IdeaPad 1 15ALC7 82R400ERIN Laptop (AMD Ryzen 5 5500U / 16GB/ 512GB SSD/ Win11 Home),Lenovo,40490,54.0,AMD,Ryzen 5,5.0,6.0,12.0,16.0,DDR4,512,0,15.6,1920x1080,2073600.0,False,Integrated,0,False,Windows 11,1
326,Asus Chromebook CX3402CBA-PQ0173 Laptop (12th Gen Core i3/ 8GB/ 128GB EMMC/ Chrome OS),Asus,34990,,Intel,Core i3,12.0,6.0,8.0,8.0,LPDDR5,0,128,14.0,1920x1080,2073600.0,False,Integrated,0,False,Chrome OS,1
327,Acer Nitro V16 Gaming Laptop (AMD Ryzen 7 8845HS/ 16GB/ 1TB SSD/ Win11/ 8GB Graphics),Acer,149900,69.0,AMD,Ryzen 7,8.0,8.0,16.0,16.0,DDR5,1024,0,16.0,1920x1200,2304000.0,False,RTX 4060,8,True,Windows 11,1
328,MSI Thin GF63 11UC-1494IN Gaming Laptop (11th Gen Core i7/ 16GB/ 1TB 256GB SSD/ Win11 Home/ 4GB Graph),MSI,63500,65.0,Intel,Core i7,11.0,8.0,16.0,16.0,DDR4,256,1024,15.6,1920x1080,2073600.0,False,RTX 3050,4,True,Windows 11,1
329,Huawei Qingyun L540 Laptop (Kirin 9006C/ 16GB/ 512GB SSD/ Kirin OS),Other,81999,,,,,,,16.0,DDR4,512,0,14.0,2160x1440,3110400.0,False,Integrated,0,False,Unspecified,1
330,Lenovo Yoga Slim 6 14IRH8 83E00012INLaptop (13th Gen Core i5/ 16GB/ 1TB SSD/ Win11 Home),Lenovo,81400,59.0,Intel,Core i5,13.0,12.0,16.0,16.0,LPDDR5X,1024,0,14.0,1920x1200,2304000.0,False,Integrated,0,False,Windows 11,1
331,Lenovo IdeaPad Slim 3i 82RK011EIN Laptop (12th Gen Core i7/ 16GB/ 512GB SSD/ Win11 Home),Lenovo,62490,61.0,Intel,Core i7,12.0,10.0,12.0,16.0,DDR4,512,0,15.6,1920x1080,2073600.0,False,Integrated,0,False,Windows 11,1
332,Huawei MateBook 14s 2023 Laptop (13th Gen Core i9/ 16GB RAM/ 1TB SSD/ Win11 Home),Other,80999,68.0,Intel,Core i9,13.0,14.0,20.0,16.0,DDR4,1024,0,14.2,2520x1680,4233600.0,True,Iris Xe Graphics,0,False,Windows 11,1
333,"Dell Inspiron 3535 Laptop (AMD Ryzen R3-7320U,/ 8GB/ 512GB SSD/ Win11)",Dell,34450,50.0,AMD,Ryzen 3,7.0,4.0,8.0,8.0,LPDDR5,512,0,15.6,1920x1080,2073600.0,False,Radeon Graphics,0,False,Windows 11,1
334,Lenovo IdeaPad 1 14IGL7 82V6006EIN Laptop (Celeron N4020/ 8GB/ 256GB SSD/ Win11 Home),Lenovo,26490,,Intel,Celeron,4.0,2.0,2.0,8.0,DDR4,256,0,14.0,1366x768,1049088.0,False,Integrated,0,False,Windows 11,1
335,Acer Aspire 5 A515-58P Gaming Laptop (13th Gen Core i3/ 8GB/ 512GB SSD/ Win11 Home),Acer,35999,,Intel,Core i3,13.0,5.0,6.0,8.0,LPDDR5,512,0,15.6,1920x1080,2073600.0,False,UHD Graphics,0,False,Windows 11,1
336,HP 15s-EQ2084AU Laptop (AMD Ryzen 7 5700U/ 16GB/ 512GB SSD/ Win11 Home),HP,51980,57.0,AMD,Ryzen 7,5.0,8.0,16.0,16.0,DDR4,512,0,15.6,1920x1080,2073600.0,False,Integrated,0,False,Windows 11,1
337,Lenovo IdeaPad Gaming 3 15IAH7 82S9017TIN Laptop (12th Gen Core i5/ 16GB/ 512GB SSD/ Win11 Home/ 4GB Graph),Lenovo,67990,61.0,Intel,Core i5,12.0,8.0,12.0,16.0,DDR4,512,0,15.6,1920x1080,2073600.0,False,RTX 3050,4,True,Windows 11,1
338,Lenovo Ideapad Slim 5 82XF0078IN Laptop (13th Gen Core i7/ 16 GB RAM/ 1 TB SSD/ Win 11),Lenovo,87190,60.0,Intel,Core i7,13.0,14.0,20.0,16.0,DDR4,1024,0,16.0,2560x1600,4096000.0,False,Iris Xe Graphics,0,False,Windows 11,1
339,Dell Inspiron 7430 14 2 in 1 Laptop (13th Gen Core i3/ 8GB/ 512GB SSD/ Win11),Dell,56990,55.0,Intel,Core i3,13.0,6.0,8.0,8.0,LPDDR5,512,0,14.0,1920x1200,2304000.0,True,UHD Graphics,0,False,Windows 11,1
340,Lenovo IdeaPad Slim 5 14IAH8 83BF0043IN Laptop (12th Gen Core i5/ 16GB/ 1TB SSD/ Win11),Lenovo,64990,56.0,Intel,Core i5,12.0,8.0,12.0,16.0,LPDDR5,1024,0,14.0,1920x1200,2304000.0,False,UHD Graphics,0,False,Windows 11,1
341,Lenovo Ideapad Slim 5 82XD006GIN Laptop (13th Gen Core i5/ 16 GB RAM/ 1TB SSD/ Win 11),Lenovo,74190,53.0,Intel,Core i5,13.0,8.0,12.0,16.0,DDR4,1024,0,14.0,1920x1200,2304000.0,False,UHD Graphics,0,False,Windows 11,1
343,Dell Latitude 3520 DLCK3520BL Laptop (11th Gen Core i3/ 8GB/ 512GB SSD/ Ubuntu),Dell,35500,,Intel,Core i3,11.0,2.0,4.0,8.0,DDR4,512,0,15.6,1920x1080,2073600.0,False,UHD Graphics,0,False,Unspecified,1
344,Dell Inspiron 3520 IN3520RVTGV001ORB1 Laptop (11th Gen Core i3/ 8GB/ 512GB SSD/ Win11),Dell,34990,,Intel,Core i3,11.0,2.0,4.0,8.0,DDR4,512,0,15.6,1920x1080,2073600.0,False,UHD Graphics,0,False,Windows 11,1
345,Lenovo Thinkpad E14 G4 21E3S00P00 Laptop (12th Gen Core i5/ 8GB/ 512GB SSD/ DOS),Lenovo,67900,59.0,Intel,Core i5,12.0,10.0,12.0,8.0,DDR4,512,0,14.0,1920x1080,2073600.0,False,Iris Xe Graphics,0,False,DOS,1
346,Lenovo IdeaPad Slim 3 82H803U0IN Laptop (11th Gen Core i3/ 8GB/ 256GB SSD/ Win11),Lenovo,31500,,Intel,Core i3,11.0,2.0,4.0,8.0,DDR4,256,0,15.6,1920x1080,2073600.0,False,UHD Graphics,0,False,Windows 11,1
347,MSI CreatorPro X17 HX A13VKS-249IN Laptop (13th Gen Core i9/ 64GB/ 4TB SSD/ Win11 Pro/ 12GB Graph),MSI,519990,,Intel,Core i9,13.0,24.0,32.0,64.0,DDR5,4096,0,17.0,2560x1600,4096000.0,False,RTX 3500,12,True,Windows 11,3
348,Acer Aspire 3 15 A315-510P UN.KDHSI.019 Laptop (Intel Core i3 N305/ 8GB/ 512GB SSD/ Win11 Home),Acer,31990,,Intel,Core i3,,8.0,8.0,8.0,LPDDR5,512,0,15.6,1920x1080,2073600.0,False,UHD Graphics,0,False,Windows 11,1
349,Acer Aspire Lite 15 AL15-51 2023  Laptop (11th Gen Core i5/ 16GB/ 1TB SSD/ Win11),Acer,50000,61.0,Intel,Core i5,11.0,4.0,8.0,16.0,DDR4,1024,0,15.6,1920x1080,2073600.0,False,Iris Xe Graphics,0,False,Windows 11,1
350,Lenovo Thinkpad P16s 21BTS0DG00 Laptop (12th Gen Core i7/ 16GB/ 1TB SSD/ Win11 Pro),Lenovo,135999,69.0,Intel,Core i7,12.0,12.0,16.0,16.0,DDR4,1024,0,16.0,1920x1200,2304000.0,False,UHD Graphics,0,False,Windows 11,3
351,Lenovo ThinkPad X1 Carbon 21HMS00000 Laptop (13th Gen Core i7/ 16GB/ 1TB SSD/ Win11 Pro),Lenovo,218990,64.0,Intel,Core i7,13.0,10.0,12.0,16.0,LPDDR5,1024,0,14.0,1920x1200,2304000.0,False,Iris Xe Graphics,0,False,Windows 11,1
352,Avita Liber AM15A2INT56F Laptop (12th Gen Core i3/ 8GB/ 512GB SSD/ Win11 Home),Avita,30834,,Intel,Core i3,12.0,6.0,8.0,8.0,DDR4,512,0,15.6,1920x1080,2073600.0,False,M1,0,False,Windows 11,1
353,Acer Aspire Lite AL15-52 Laptop (12th Gen Core i5/ 16GB/ 512GB SSD/ Win11),Acer,45200,59.0,Intel,Core i5,12.0,10.0,12.0,16.0,DDR4,512,0,15.6,1920x1080,2073600.0,False,Iris Xe Graphics,0,False,Windows 11,1
354,Acer Aspire Lite AL15-52 2023 Laptop (12th Gen Core i5/ 8GB/ 512GB SSD/ Win11),Acer,42490,56.0,Intel,Core i5,12.0,10.0,12.0,8.0,DDR4,512,0,15.6,1920x1080,2073600.0,False,Iris Xe Graphics,0,False,Windows 11,1
355,Avita Pura S101 Laptop (Celeron N4020/ 8GB/256GB SSD/ Win11 Home),Avita,19299,,Intel,Celeron,,2.0,2.0,8.0,DDR4,256,0,14.0,1920x1080,2073600.0,False,UHD Graphics,0,False,Windows 11,1
356,Apple MacBook Pro 16 2023 Laptop (Apple M3 Pro/ 36GB/ 512GB SSD/ macOS),Apple,289900,62.0,Apple,M3,,12.0,,36.0,DDR4,512,0,16.2,3456x2234,7720704.0,False,M3 Pro,0,False,Mac OS,1
357,Apple MacBook Pro 14 2023 Laptop (Apple M3/ 8GB/ 1TB SSD/ macOS),Apple,176490,52.0,Apple,M3,,10.0,,8.0,DDR4,1024,0,14.2,3024x1964,5939136.0,False,M3,0,False,Mac OS,1
358,Apple MacBook Pro 14 2023 Laptop (Apple M3 Pro/ 18GB/ 1TB SSD/ macOS),Apple,224990,56.0,Apple,M3,,12.0,,18.0,DDR4,1024,0,14.2,3024x1964,5939136.0,False,M3 Pro,0,False,Mac OS,1
359,Apple MacBook Pro 16 2023 Laptop (Apple M3 Pro/ 18GB/ 512GB SSD/ macOS),Apple,230590,56.0,Apple,M3,,12.0,,18.0,DDR4,512,0,16.2,3456x2234,7720704.0,False,M3 Pro,0,False,Mac OS,1
360,Apple MacBook Pro 14 2023 Laptop (Apple M3 Max/ 36GB/ 1TB SSD/ macOS),Apple,289690,63.0,Apple,M3,,14.0,,36.0,DDR4,1024,0,14.2,3024x1964,5939136.0,False,M3 Max,0,False,Mac OS,1
361,Acer Aspire 5 A515-57 NX.K3JSI.006 Laptop (12th Gen Core i5/ 8GB/ 512GB SSD/ Win11 Home),Acer,46990,60.0,Intel,Core i5,12.0,10.0,12.0,8.0,DDR4,512,0,15.6,1920x1080,2073600.0,False,Integrated,0,False,Windows 11,1
362,HP 15s-fq2510tu Laptop (11th Gen Core i5/ 16GB/ 512GB SSD/ Win11 Home),HP,50790,60.0,Intel,Core i5,11.0,4.0,8.0,16.0,DDR4,512,0,15.6,1920x1080,2073600.0,False,Iris Xe Graphics,0,False,Windows 11,1
363,Lenovo Yoga Slim 7i Carbon 13IRP8 83AY003CIN Laptop (13th Gen Core i7/ 16GB/ 1TB SSD/ Win11 Home),Lenovo,123190,64.0,Intel,Core i7,13.0,12.0,16.0,16.0,LPDDR5,1024,0,13.3,2560x1600,4096000.0,True,Integrated,0,False,Windows 11,1
364,Lenovo Ideapad Gaming 3 15ARH7 82SB00QJIN Laptop  (AMD Ryzen 5 7535HS / 16GB/ 512GB SSD/ Win11 Home/ 4GB Graph),Lenovo,58900,64.0,AMD,Ryzen 5,7.0,6.0,12.0,8.0,DDR5,512,0,15.6,1920x1080,2073600.0,False,RTX 2050,4,True,Windows 11,1
365,Dell Inspiron 3520 IN3520P9K46002ORS1 Laptop (12th Gen Core i3/ 8GB/ 512GB SSD/ Win11),Dell,36990,55.0,Intel,Core i3,12.0,6.0,8.0,8.0,DDR4,512,0,15.6,1920x1080,2073600.0,False,Integrated,0,False,Windows 11,1
366,Lenovo IdeaPad Gaming 3 Gen 6 82K2028QIN Laptop (AMD Ryzen 5 5500H/ 8GB/ 512GB SSD/ Win11 Home/ 4GB Graph),Lenovo,50390,62.0,AMD,Ryzen 5,5.0,4.0,8.0,8.0,DDR4,512,0,15.6,1920x1080,2073600.0,False,RTX 2050,4,True,Windows 11,1
367,Avita Pura S102 Laptop (Celeron N4020/ 8GB/ 512GB SSD/ Win11 Home),Avita,20035,,Intel,Celeron,,2.0,2.0,8.0,DDR4,512,0,15.6,1920x1080,2073600.0,False,UHD Graphics,0,False,Windows 11,1
368,HP Spectre x360 14-ef2036TU Laptop (13th Gen Core i7/ 16GB/ 512GB SSD/ Win11 Home),HP,154999,66.0,Intel,Core i7,13.0,10.0,12.0,16.0,LPDDR4X,512,0,13.5,3000x2000,6000000.0,True,Iris Xe Graphics,0,False,Windows 11,1
369,HP Omen 16-xd0005AX Gaming Laptop (AMD Ryzen 7 7840HS/ 16GB/ 1TB SSD/ Win11/ 6GB Graph),HP,106590,75.0,AMD,Ryzen 7,7.0,8.0,16.0,16.0,DDR5,1024,0,16.1,1920x1080,2073600.0,False,RTX 4050,6,True,Windows 11,1
370,HP ProBook 440 G9 821M3PA Laptop (12th Gen Core i5/ 8GB/ 512GB SSD/ Win11),HP,79000,65.0,Intel,Core i5,12.0,10.0,12.0,16.0,DDR4,512,0,14.0,1366x768,1049088.0,False,M3,0,False,Windows 11,1
371,Dell Latitude 3540 Laptop (13th Gen Core i5/ 8GB/ 256GB SSD/ Win11 Pro),Dell,97300,52.0,Intel,Core i5,13.0,10.0,12.0,8.0,DDR4,256,0,15.6,1366x720,983520.0,False,Integrated,0,False,Windows 11,1
372,Acer Aspire Lite AL15-51 15 2023 Laptop (11th Gen Core i5/ 8GB/ 1TB SSD/ Win11),Acer,44990,57.0,Intel,Core i5,11.0,4.0,8.0,8.0,DDR4,1024,0,15.6,1920x1080,2073600.0,False,Iris Xe Graphics,0,False,Windows 11,1
373,HP 15s-FR5012TU Laptop (12th Gen Core i3/ 8GB/ 512GB SSD/ Win11 Home),HP,38990,53.0,Intel,Core i3,12.0,6.0,8.0,8.0,DDR4,512,0,15.6,1920x1080,2073600.0,False,UHD Graphics,0,False,Windows 11,1
374,Lenovo S14 Gen 3 82TW000VIH Laptop (12th Gen Core i5/ 8GB/ 512GB SSD/ DOS),Lenovo,48989,52.0,Intel,Core i5,12.0,10.0,12.0,8.0,DDR4,512,0,14.0,1920x1080,2073600.0,False,UHD Graphics,0,False,DOS,3
375,HP Victus 15-fa1134TX Laptop (12th Gen Core i7/ 16GB/ 512GB SSD/ Win11 Home/ 6GB Graph),HP,94490,73.0,Intel,Core i7,12.0,10.0,16.0,16.0,DDR4,512,0,15.6,1920x1080,2073600.0,False,RTX 4050,6,True,Windows 11,1
376,Infinix INBook Y1 Plus 15 XL28 Laptop (10th Gen Core i5/ 8GB/ 512GB SSD/ Win 11 Home),Infinix,25990,50.0,Intel,Core i5,10.0,4.0,8.0,8.0,LPDDR4X,512,0,15.6,1920x1080,2073600.0,False,Integrated,0,False,Windows 11,1
377,Microsoft Surface Laptop Go 3 XK1-00045 (12th Gen Core i5/ 8GB RAM/ 256 GB SSD/ Win 11),Microsoft,78990,53.0,Intel,Core i5,12.0,10.0,12.0,8.0,DDR4,256,0,12.4,1536x1024,1572864.0,True,Iris Xe Graphics,0,False,Windows 11,1
378,Acer Aspire 5 A514-56M NX.KH6SI.001 Gaming Laptop (13th Gen Core i5/ 16GB/ 512GB SSD/ Win11 Home),Acer,59900,51.0,Intel,Core i5,13.0,10.0,12.0,16.0,LPDDR5,512,0,14.0,1920x1200,2304000.0,False,Integrated,0,False,Windows 11,1
379,HP Victus 15-FA1098TX Laptop (12th Gen Core i5/ 8GB/ 512GB SSD/ Win11 Home/ 4GB Graph),HP,58999,60.0,Intel,Core i5,12.0,8.0,12.0,8.0,DDR4,512,0,15.6,1920x1080,2073600.0,False,RTX 2050,4,True,Windows 11,1
380,Acer Aspire Lite AL15-41 Laptop (AMD Ryzen 5 5500U/ 16GB/ 1TB SSD/ Win11),Acer,38790,57.0,AMD,Ryzen 5,5.0,6.0,12.0,16.0,DDR4,1024,0,15.6,1920x1080,2073600.0,False,Integrated,0,False,Windows 11,1
381,Dell Inspiron 7430 IC7430MH5K0M01ORS1 Laptop (13th Gen Core i5/ 8GB/ 512GB SSD/ Win11),Dell,88990,61.0,Intel,Core i5,13.0,10.0,12.0,8.0,LPDDR5,512,0,14.0,1920x1200,2304000.0,True,Integrated,0,False,Windows 11,1
382,Gigabyte G5 MF-E2IN313SHLaptop (12th Gen Core i5/ 8GB/ 512GB SSD/ Win11 Home/ 6GB Graph),Gigabyte,72990,70.0,Intel,Core i5,12.0,12.0,16.0,8.0,DDR4,512,0,15.6,1920x1080,2073600.0,False,RTX 4050,6,True,Windows 11,2
383,HP Victus 15-fb1002AX Gaming Laptop (AMD Ryzen 5 7535HS/ 8GB/ 512GB SSD/ Win11/ 4GB Graph),HP,52850,65.0,AMD,Ryzen 5,7.0,6.0,12.0,8.0,DDR5,512,0,15.6,1920x1080,2073600.0,False,RTX 2050,4,True,Windows 11,1
384,HP Pavilion Plus ‎16-ab0456TX Laptop (13th Gen Core i7/ 16GB/ 1TB SSD/ Win 11/ 6GB Graphics),HP,124999,72.0,Intel,Core i7,13.0,14.0,20.0,16.0,DDR4,1024,0,16.0,2560x1600,4096000.0,False,RTX 3050,6,True,Windows 11,1
385,HP 15s-er2004AU Laptop (AMD Ryzen 7 5700U/ 16GB/ 512GB SSD/ Win11),HP,50490,54.0,AMD,Ryzen 7,5.0,8.0,16.0,16.0,DDR4,512,0,15.6,1920x1080,2073600.0,False,Integrated,0,False,Windows 11,1
386,Lenovo IdeaPad Gaming 3 82K101LJIN Laptop (11th Gen Core i5/ 16GB/ 512GB SSD/ Win11 Home/ 4GB Graph),Lenovo,52400,65.0,Intel,Core i5,11.0,4.0,8.0,16.0,DDR4,512,0,15.6,1920x1080,2073600.0,False,GTX 1650,4,True,Windows 11,1
387,Dell Inspiron 3530 IN3530RMD8W001ORS1 Laptop (13th Gen Core i5/ 16GB/ 1TB SSD/ Win11 Home),Dell,66990,50.0,Intel,Core i5,13.0,10.0,12.0,16.0,DDR4,1024,0,15.6,1920x1080,2073600.0,False,UHD Graphics,0,False,Windows 11,1
388,HP Omen 16-XD0007ax Gaming Laptop (AMD Ryzen 7 7840HS/ 16GB/ 1TB SSD/ Win11/ 6GB Graph),HP,103990,72.0,AMD,Ryzen 7,7.0,8.0,16.0,16.0,DDR5,1024,0,16.1,1920x1080,2073600.0,False,RTX 4050,6,True,Windows 11,1
389,Asus Vivobook Pro 15 OLED M6500QC-LK751WS Laptop (Ryzen 7 5800HS/ 16GB/ 1TB SSD/ Win11/ 4GB Graph),Asus,76990,63.0,AMD,Ryzen 7,5.0,8.0,16.0,16.0,DDR4,1024,0,15.6,1920x1080,2073600.0,False,RTX 3050,4,True,Windows 11,1
390,MSI Vector GP68 HX 13VG-214IN Gaming Laptop (13th Gen Core i7/ 16GB/ 1TB SSD/ Win11/ 8GB Graph),MSI,184990,77.0,Intel,Core i7,13.0,16.0,24.0,16.0,DDR5,1024,0,16.0,2560x1600,4096000.0,False,RTX 4070,8,True,Windows 11,1
391,Asus Vivobook Go 14 E1404FA-NK547WS Laptop (Ryzen 5 7520U/ 16GB/ 512GB SSD/ Win11),Asus,43990,56.0,AMD,Ryzen 5,7.0,4.0,8.0,16.0,LPDDR5,512,0,14.0,1920x1080,2073600.0,False,Integrated,0,False,Windows 11,1
392,Lenovo Yoga 7 82YL008HIN Laptop (13th Gen Core i5/ 16GB/ 512GB SSD/ Win11 Home),Lenovo,91190,68.0,Intel,Core i5,13.0,12.0,16.0,16.0,LPDDR5,512,0,14.0,1920x1200,2304000.0,True,Iris Xe Graphics,0,False,Windows 11,1
393,Acer Aspire 3 A315-24P NX.KDESI.00B Laptop (AMD Ryzen 5 7520U/ 8GB/ 512GB SSD/ Win11 Home),Acer,32790,51.0,AMD,Ryzen 5,7.0,4.0,8.0,8.0,LPDDR5,512,0,15.6,1920x1080,2073600.0,False,Integrated,0,False,Windows 11,1
394,Asus Vivobook 15X OLED M3504YA-LK552WS Laptop (AMD Ryzen 5 7530U/ 16GB/ 1TB SSD/ Win11 Home),Asus,55990,61.0,AMD,Ryzen 5,7.0,6.0,12.0,16.0,DDR4,1024,0,15.6,1920x1080,2073600.0,False,M3,0,False,Windows 11,1
395,Lenovo Legion Slim 5 82Y9009JIN Gaming Laptop (AMD Ryzen 7 7840HS/ 16GB/ 1TB SSD/ Win11/ 8GB Graph),Lenovo,132190,79.0,AMD,Ryzen 7,7.0,8.0,16.0,16.0,DDR5,1024,0,16.0,2560x1600,4096000.0,False,RTX 4060,8,True,Windows 11,1
396,Asus Vivobook 16 2023 X1605ZAB-MB342WS Laptop (12th Gen Core i3/ 16GB/ 512GB SSD/ Win11 Home),Asus,40990,57.0,Intel,Core i3,12.0,6.0,8.0,16.0,DDR4,512,0,16.0,1920x1200,2304000.0,False,Integrated,0,False,Windows 11,1
397,MSI Thin GF63 11SC-1629IN Gaming Laptop (11th Gen Core i5/ 16GB/ 512GB SSD/ Win11 Home/ 4GB Graph),MSI,44990,61.0,Intel,Core i5,11.0,6.0,12.0,16.0,DDR4,512,0,15.6,1920x1080,2073600.0,False,GTX 1650,4,True,Windows 11,2
398,Asus Vivobook 15X OLED M3504YA-LK741WS Laptop (AMD Ryzen 7 7730U/ 16GB/ 512GB SSD/ Win11 Home),Asus,62950,62.0,AMD,Ryzen 7,7.0,8.0,16.0,16.0,DDR4,512,0,15.6,1920x1080,2073600.0,False,M3,0,False,Windows 11,1
399,Lenovo IdeaPad 3 15IAU7 82RK00WXIN Laptop (12th Gen Core i3/ 8GB/ 256GB SSD/ Win11 Home),Lenovo,32990,53.0,Intel,Core i3,12.0,6.0,8.0,8.0,DDR4,256,0,15.6,1920x1080,2073600.0,False,UHD Graphics,0,False,Windows 11,1
400,Lenovo IdeaPad 1 15AMN7 82VG00ERIN Laptop (AMD Ryzen 3 7320U / 8GB/ 512GB SSD/ Win11 Home),Lenovo,32290,51.0,AMD,Ryzen 3,7.0,4.0,8.0,8.0,LPDDR5,512,0,15.6,1920x1080,2073600.0,False,Integrated,0,False,Windows 11,1
401,Asus BR1100CKA-GJ0746W Laptop (Celeron N4500/ 8GB/ 128GB SSD/ Win11 Home),Asus,16490,,Intel,Celeron,,2.0,,8.0,DDR4,128,0,11.6,1366x768,1049088.0,False,UHD Graphics,0,False,Windows 11,1
402,Asus Vivobook 16X K3605ZU-MB542WS Laptop (12th Gen Core i5/ 16GB/ 512GB SSD/ Win11 Home/ 6GB Graph),Asus,75000,66.0,Intel,Core i5,12.0,8.0,12.0,16.0,DDR4,512,0,16.0,1920x1200,2304000.0,False,RTX 4050,6,True,Windows 11,1
403,Asus Vivobook 16X K3605VU-MB541WS Laptop (13th Gen Core i5/ 16GB/ 512GB SSD/ Win11 Home/ 6GB Graph),Asus,89990,64.0,Intel,Core i5,13.0,12.0,16.0,16.0,DDR4,512,0,16.0,1920x1200,2304000.0,False,RTX 4050,6,True,Windows 11,1
404,Lenovo IdeaPad Gaming 3 15IHU6 82K101R9IN Laptop (11th Gen Core i5/ 8GB/ 512GB SSD/ Win11 Home/ 4GB Graph),Lenovo,62999,63.0,Intel,Core i5,11.0,4.0,8.0,8.0,DDR4,512,0,15.6,1920x1080,2073600.0,False,RTX 2050,4,True,Windows 11,1
405,Asus Vivobook Go 14 E1404FA-NK543WS Laptop (Ryzen 5 7520U/ 16GB/ 512GB SSD/ Win11),Asus,45890,53.0,AMD,Ryzen 5,7.0,4.0,8.0,16.0,LPDDR5,512,0,14.0,1920x1080,2073600.0,False,Integrated,0,False,Windows 11,1
406,HP 250 G9 7M657PA Laptop (12th Gen Core i3/ 8GB/ 512GB SSD/ Win11),HP,33900,56.0,Intel,Core i3,12.0,6.0,8.0,8.0,DDR4,512,0,15.6,1366x768,1049088.0,False,Integrated,0,False,Windows 11,1
407,Lenovo IdeaPad Gaming 3 82SB00V5IN Laptop (AMD Ryzen 7 6800H/ 8GB/ 512GB SSD/ Win11 Home/ 4GB Graph),Lenovo,66990,64.0,AMD,Ryzen 7,6.0,8.0,16.0,8.0,DDR4,512,0,15.6,1920x1080,2073600.0,False,RTX 3050,4,True,Windows 11,1
408,Acer Aspire Lite 15 2023 AL15-51 Laptop (11th Gen Core i7/ 16GB/ 1TB SSD/ Win11),Acer,53499,60.0,Intel,Core i7,11.0,4.0,8.0,16.0,DDR4,1024,0,15.6,1920x1080,2073600.0,False,Iris Xe Graphics,0,False,Windows 11,1
409,Lenovo Yoga 7 82YL0095IN Laptop (13th Gen Core i5/ 16GB/ 1TB SSD/ Win11 Home),Lenovo,91190,70.0,Intel,Core i5,13.0,12.0,16.0,16.0,LPDDR5,1024,0,14.0,2880x1800,5184000.0,True,Iris Xe Graphics,0,False,Windows 11,1
410,Asus Vivobook Pro 15 OLED M6500QC-LK741WS Laptop (Ryzen 7 5800HS/ 16GB/ 512GB SSD/ Win11/ 4GB Graph),Asus,73990,60.0,AMD,Ryzen 7,5.0,8.0,16.0,16.0,DDR4,512,0,15.6,1920x1080,2073600.0,False,RTX 3050,4,True,Windows 11,1
411,Acer Chromebook CB314-3H NX.K04SI.008 Laptop (Intel Celeron N4500/ 8GB/ 64GB SSD/ Chrome OS),Acer,22490,,Intel,Celeron,,2.0,2.0,8.0,LPDDR4X,64,0,14.0,1080x1920,2073600.0,False,Integrated,0,False,Chrome OS,1
412,Asus Vivobook Go 14 E410KA-EK013W Laptop (Celeron N4500/ 8GB/ 256GB SSD/ Win11 Home),Asus,23990,,Intel,Celeron,,2.0,2.0,8.0,DDR4,256,0,14.0,1920x1080,2073600.0,False,Integrated,0,False,Unspecified,1
413,Dell Inspiron 7430 2 in 1 2023 Laptop (13th Gen Core i3/ 8GB/ 256GB SSD/ Win11),Dell,54490,53.0,Intel,Core i3,13.0,6.0,8.0,8.0,LPDDR5,256,0,14.0,1920x1200,2304000.0,True,UHD Graphics,0,False,Windows 11,1
414,Lenovo IdeaPad Gaming 3 15ACH6 82K20289IN Laptop (AMD Ryzen 5 5500H/ 8GB/ 512GB SSD/ Win11 Home/ 4GB Graph),Lenovo,48490,59.0,AMD,Ryzen 5,5.0,4.0,8.0,8.0,DDR4,512,0,15.6,1920x1080,2073600.0,False,RTX 2050,4,True,Windows 11,1
415,Ultimus Pro NU14U3INC43BN-CS Laptop (Celeron N4020/ 4GB/ 128GB SSD/ Win11 Home),Other,13990,,Intel,Celeron,,2.0,2.0,4.0,DDR4,128,0,14.1,1366x768,1049088.0,False,UHD Graphics,0,False,Windows 11,1
416,Dell Inspiron 3520 IN3520KTMFJS01ORS1 Laptop (11th Gen Core i3/ 8GB/ 512GB SSD/ Win11),Dell,36490,54.0,Intel,Core i3,11.0,2.0,4.0,8.0,DDR4,512,0,15.6,1920x1080,2073600.0,False,UHD Graphics,0,False,Windows 11,1
417,Zebronics Pro Series Z ZEB-NBC 4S 2023 Laptop (12th Gen Core i5 / 8GB/ 512GB SSD/ Win11 Home),Other,31990,62.0,Intel,Core i5,12.0,10.0,12.0,8.0,DDR4,512,0,15.6,1920x1080,2073600.0,False,Integrated,0,False,Windows 11,1
418,HP Omen 17-ck2011TX Gaming Laptop (13th Gen Core i9/ 32GB/ 1TB SSD/ Win11/ 16GB Graph),HP,339999,,Intel,Core i9,13.0,24.0,32.0,32.0,DDR5,1024,0,17.3,2560x1440,3686400.0,False,RTX 4090,16,True,Windows 11,1
419,Primebook PBMTWIFI11064 Wi-Fi Laptop (MediaTek MT8183/ 4GB/ 64B eMMC/ Prime OS),Other,11990,,,,,8.0,,4.0,LPDDR4,0,64,11.6,1366x768,1049088.0,False,Integrated,0,False,Unspecified,1
420,Acer Nitro V ANV15-51 UN.QNASI.002 Gaming Laptop (13th Gen Core i5/ 16GB/ 512GB SSD/ Win11/ 4GB Graph),Acer,65990,60.0,Intel,Core i5,13.0,8.0,12.0,16.0,DDR5,512,0,15.6,1920x1080,2073600.0,False,RTX 2050,4,True,Windows 11,1
421,Acer One 11 Z8-284 UN.013SI.032 Laptop ( Intel Celeron N4500/ 8GB/ 256GB SSD/ Win11 Home),Acer,19990,,Intel,Celeron,,2.0,2.0,8.0,DDR4,256,0,11.6,1366x768,1049088.0,False,Integrated,0,False,Windows 11,1
422,Zebronics ZEB-NBC 5S Laptop (12th Gen Core i7 / 16GB/ 512GB SSD/ Win11 Home),Other,40990,66.0,Intel,Core i7,12.0,10.0,12.0,16.0,DDR4,512,0,15.6,1920x1080,2073600.0,False,Integrated,0,False,Windows 11,1
423,HP 15s-fy5007TU Laptop (12th Gen Core i5/ 8GB/ 512GB SSD/ Win11 Home),HP,49990,57.0,Intel,Core i5,12.0,10.0,12.0,8.0,DDR4,512,0,15.6,1920x1080,2073600.0,False,Integrated,0,False,Windows 11,1
424,Acer Nitro V ANV15-51 NH.QNASI.001 Gaming Laptop (13th Gen Core i5/ 8GB/ 512GB SSD/ Win11/ 4GB Graph),Acer,63990,59.0,Intel,Core i5,13.0,8.0,12.0,8.0,DDR5,512,0,15.6,1920x1080,2073600.0,False,RTX 2050,4,True,Windows 11,1
425,Ultimus Lite NU14U4INC54BN-CS Laptop (Celeron N4020/ 8GB/ 256GB SSD/ Win11 Home),Other,15990,,Intel,Celeron,,2.0,2.0,8.0,DDR4,256,0,14.1,1366x768,1049088.0,False,UHD Graphics,0,False,Windows 11,1
426,HP Pavilion Plus ‎14-ey0789AU Laptop (AMD Ryzen 7 7840H/ 16GB/ 1TB SSD/ Win 11),HP,88990,69.0,AMD,Ryzen 7,7.0,8.0,16.0,16.0,LPDDR5x,1024,0,14.0,2880x1800,5184000.0,False,Integrated,0,False,Windows 11,1
427,HP Omen 17-cm2002TX Gaming Laptop (13th Gen Core i7/ 16 GB RAM/ 512 GB SSD/ Win 11/ 8 GB Graphics),HP,151990,75.0,Intel,Core i7,13.0,16.0,24.0,16.0,DDR4,512,0,17.3,1920x1080,2073600.0,False,m2,8,True,Windows 11,1
428,HP Omen 16-u0022TX Gaming Laptop (13th Gen Core i7/ 16GB/ 512GB SSD/ Win11 Home/ 6GB Graph),HP,161445,74.0,Intel,Core i7,13.0,16.0,24.0,16.0,DDR5,512,0,16.1,2560x1600,4096000.0,False,RTX 4050,6,True,Windows 11,1
429,Lenovo Yoga Slim 6 14IRH8 83E00015IN Laptop (13th Gen Core i5/ 16GB/ 1TB SSD/ Win11 Home),Lenovo,80990,54.0,Intel,Core i5,13.0,12.0,16.0,16.0,LPDDR5X,1024,0,14.0,1920x1200,2304000.0,False,Integrated,0,False,Windows 11,1
430,Lenovo Yoga Slim 6 83E00006IN Laptop (13th Gen Core i5/ 16GB/ 512GB SSD/ Win11 Home),Lenovo,80190,53.0,Intel,Core i5,13.0,12.0,16.0,16.0,LPDDR5,512,0,14.0,1920x1200,2304000.0,False,Integrated,0,False,Windows 11,1
431,Lenovo IdeaPad Pro 5 83AQ005SIN Gaming Laptop (13th Gen Core i7/ 16GB/ 1TB SSD/ Win11/ 6GB Graph),Lenovo,109190,60.0,Intel,Core i7,13.0,14.0,20.0,16.0,LPDDR5,1024,0,16.0,2560x1600,4096000.0,False,RTX 3050,6,True,Windows 11,3
432,Lenovo IdeaPad Gaming 3 82K2027CIN Laptop (AMD Ryzen 5 5600H/ 8GB/ 512GB SSD/ Win11 Home/ 4GB Graph),Lenovo,51990,62.0,AMD,Ryzen 5,5.0,6.0,12.0,8.0,DDR4,512,0,15.6,1920x1080,2073600.0,False,RTX 2050,4,True,Windows 11,1
433,Asus TUF Gaming F17 FX706HF-HX019W Laptop (11th Gen Core i5/ 16GB/ 512GB SSD/ Win11/ 4GB Graph),Asus,64990,62.0,Intel,Core i5,11.0,6.0,12.0,16.0,DDR4,512,0,17.3,1920x1080,2073600.0,False,RTX 2050,4,True,Windows 11,1
434,Lenovo IdeaPad Flex 5 14IRU8 82Y00051IN Laptop (13th Gen Core i5/ 16GB/ 512GB SSD/ Win11 Home),Lenovo,73990,60.0,Intel,Core i5,13.0,10.0,12.0,16.0,LPDDR4X,512,0,14.0,1920x1200,2304000.0,True,Integrated,0,False,Windows 11,1
435,Lenovo IdeaPad 1 15ALC7 82R400BSIN Laptop (AMD Ryzen 5 5500U / 8GB/ 512GB SSD/ Win11 Home),Lenovo,37990,52.0,AMD,Ryzen 5,5.0,6.0,12.0,8.0,DDR4,512,0,15.6,1920x1080,2073600.0,False,Integrated,0,False,Windows 11,1
436,Acer One 11 Z8-284 UN.013SI.033 Laptop ( Intel Celeron N4500/ 8GB/ 128GB SSD/ Win11 Home),Acer,17990,,Intel,Celeron,,2.0,2.0,8.0,DDR4,128,0,11.6,1366x768,1049088.0,False,Integrated,0,False,Windows 11,1
437,HP 15s-fy5006TU Laptop (12th Gen Core i3/ 8GB/ 512GB SSD/ Win11 Home),HP,35999,53.0,Intel,Core i3,12.0,6.0,8.0,8.0,DDR4,512,0,15.6,1920x1080,2073600.0,False,Integrated,0,False,Windows 11,1
438,Dell Inspiron 5430 IN5430FR0KC001ORS1 Laptop (13th Gen Core i5/ 8GB/ 512GB SSD/ Win11),Dell,59290,50.0,Intel,Core i5,13.0,10.0,12.0,8.0,LPDDR5,512,0,14.0,1920x1080,2073600.0,False,Iris Xe Graphics,0,False,Windows 11,1
439,Lenovo Yoga Slim 6 14IRH8 83E00007IN Laptop (13th Gen Core i7/ 16GB/ 512GB SSD/ Win11 Home),Lenovo,106000,55.0,Intel,Core i7,13.0,14.0,20.0,16.0,LPDDR5X,512,0,14.0,1920x1200,2304000.0,False,Integrated,0,False,Windows 11,1
440,Lenovo IdeaPad 1 82VG00ESIN Laptop (AMD Ryzen 5 7520U / 8GB/ 512GB SSD/ Win11 Home),Lenovo,39790,52.0,AMD,Ryzen 5,7.0,4.0,8.0,8.0,LPDDR5,512,0,15.6,1920x1080,2073600.0,False,Integrated,0,False,Windows 11,1
441,Lenovo Legion Pro 5 82WM00B7IN Gaming Laptop ( AMD Ryzen 7 7745HX/ 16GB/ 1TB SSD/ Win11 Home/ 8GB Graph),Lenovo,164190,,AMD,Ryzen 7,7.0,8.0,16.0,16.0,DDR5,1024,0,16.0,2560x1600,4096000.0,False,RTX 4070,8,True,Windows 11,1
442,Lenovo Legion Pro 7 2023 82WQ007TIN Gaming Laptop (13th Gen Core i9/ 32GB/ 1TB SSD/ Win11 Home/ 12GB Graph),Lenovo,298990,,Intel,Core i9,13.0,24.0,32.0,32.0,DDR5,1024,0,16.0,2560x1600,4096000.0,False,RTX 4080,12,True,Windows 11,1
443,HP Pavilion 14-dv2153TU Laptop (12th Gen Core i5/ 16GB/ 1TB SSD/ Win 11),HP,66990,63.0,Intel,Core i5,12.0,10.0,12.0,16.0,DDR4,1024,0,14.0,1920x1080,2073600.0,False,Integrated,0,False,Windows 11,1
444,Lenovo Legion 5 Pro 82JQ010EIN Laptop (AMD Ryzen 7 5800H/ 16GB/ 512GB SSD/ Win11 Home/ 6GB Graph),Lenovo,103395,74.0,AMD,Ryzen 7,5.0,8.0,16.0,16.0,DDR4,512,0,16.0,2560x1600,4096000.0,False,RTX 3060,6,True,Windows 11,1
445,Lenovo IdeaPad Slim 5 82XD005RIN Laptop (13th Gen Core i5/ 16GB/ 512GB SSD/ Win11),Lenovo,72190,53.0,Intel,Core i5,13.0,8.0,12.0,16.0,LPDDR5,512,0,14.0,1920x1200,2304000.0,False,Iris Xe Graphics,0,False,Windows 11,2
446,Lenovo Legion Slim 5 82YA00DXIN Gaming Laptop (13th Gen Core i7/ 16GB/ 1TB SSD/ Win11/ 8GB Graph),Lenovo,139190,74.0,Intel,Core i7,13.0,10.0,16.0,16.0,DDR5,1024,0,16.0,2560x1600,4096000.0,False,RTX 4060,8,True,Windows 11,1
447,MSI CreatorPro Z16 HX B13VKTO-214IN Laptop (13th Gen Core i9/ 64GB/ 2TB SSD/ Win11/ RTX 3000 Ada),MSI,409990,,Intel,Core i9,13.0,24.0,,64.0,DDR5,2048,0,16.0,2560x1600,4096000.0,False,RTX 3000,8,True,Windows 11,2
448,Lenovo IdeaPad 5 Pro 82SN00F0IN Gaming Laptop (AMD Ryzen 7 6800HS/ 16GB/ 512GB SSD/ Win11 Home/ 4GB Graph),Lenovo,87774,63.0,AMD,Ryzen 7,6.0,8.0,16.0,16.0,LPDDR5,512,0,16.0,2560x1600,4096000.0,False,RTX 3050,4,True,Windows 11,3
449,Lenovo Yoga 7 82YL0099IN Laptop (13th Gen Core i7/ 16GB/ 1TB SSD/ Win11 Home),Lenovo,114190,72.0,Intel,Core i7,13.0,12.0,16.0,16.0,LPDDR5,1024,0,14.0,2880x1800,5184000.0,True,Radeon Graphics,0,False,Windows 11,1
450,HP 14s-dr3002TU Laptop (Intel Celeron N4500/ 8GB/ 512GB SSD/ Win11 Home),HP,24990,,Intel,Celeron,,2.0,2.0,8.0,DDR4,512,0,14.0,1366x768,1049088.0,False,UHD Graphics,0,False,Windows 11,1
451,Lenovo IdeaPad Gaming 3 82SB00V2IN Laptop (AMD Ryzen 5 6600H/ 8GB/ 512GB SSD/ Win11 Home/ 4GB Graph),Lenovo,61712,57.0,AMD,Ryzen 5,6.0,6.0,12.0,8.0,DDR4,512,0,15.6,1920x1080,2073600.0,False,RTX 3050,4,True,Windows 11,1
452,Acer TravelMate P2 TMP214-53 Business Laptop (11th Gen Core i7/ 16GB/ 1TB SSD/ Win11 Home),Acer,49990,62.0,Intel,Core i7,11.0,4.0,8.0,16.0,DDR4,1024,0,14.0,1920x1080,2073600.0,False,Integrated,0,False,Windows 11,1
453,Primebook S Wi-Fi Laptop (MediaTek MT8183/ 4GB/ 128GB eMMC/ Prime OS),Other,12990,,,,,8.0,,4.0,LPDDR4,0,128,11.6,1366x768,1049088.0,False,Integrated,0,False,Unspecified,1
454,Lenovo IdeaPad 3 15IAU7 82RK00XDIN Laptop (12th Gen Core i3/ 8GB/ 256GB SSD/ Win11 Home),Lenovo,32500,53.0,Intel,Core i3,12.0,6.0,8.0,8.0,DDR4,256,0,15.6,1920x1080,2073600.0,False,UHD Graphics,0,False,Windows 11,1
455,Acer C734 NX.H8VSI.004 Chromebook Laptop (Celeron N4500/ 4GB/ 64GB eMMC/ Chrome OS),Acer,19990,,Intel,Celeron,,2.0,2.0,4.0,LPDDR4X,0,64,11.6,1280x1024,1310720.0,False,Integrated,0,False,Chrome OS,1
456,Lenovo IdeaPad Flex 5 14IRU8 82Y0004TIN Laptop (13th Gen Core i7/ 16GB/ 512GB SSD/ Win11 Home),Lenovo,87990,61.0,Intel,Core i7,13.0,10.0,12.0,16.0,LPDDR4X,512,0,14.0,1920x1200,2304000.0,True,Integrated,0,False,Windows 11,1
457,Acer Aspire 5 2023 A515-58GM Gaming Laptop (13th Gen Core i5/ 16GB/ 512GB SSD/ Win11/ 4GB Graphics),Acer,60999,61.0,Intel,Core i5,13.0,10.0,12.0,16.0,DDR4,512,0,15.6,1920x1080,2073600.0,False,RTX 2050,4,True,Windows 11,1
458,MSI Bravo 15 B7ED-011IN Gaming Laptop (AMD Ryzen 7 7735HS/ 16GB/ 512GB SSD/ Win11 Home/ 4GB Graph),MSI,79990,65.0,AMD,Ryzen 7,7.0,8.0,16.0,16.0,DDR5,512,0,15.6,1920x1080,2073600.0,False,Radeon RX6550M,4,True,Windows 11,1
459,Lenovo IdeaPad Gaming 3 82K101PCIN Laptop (11th Gen Core i5/ 8GB/ 512GB SSD/ Win11 Home/ 4GB Graph),Lenovo,50712,63.0,Intel,Core i5,11.0,4.0,8.0,8.0,DDR4,512,0,15.6,1920x1080,2073600.0,False,RTX 2050,4,True,Windows 11,1
460,Asus ROG Strix G15 G513RC-HN251WS Gaming Laptop (AMD Ryzen 7 6800H/ 16GB/ 1TB SSD/ Win11/ 4GB Graph),Asus,83990,66.0,AMD,Ryzen 7,6.0,8.0,16.0,16.0,DDR5,1024,0,15.6,1920x1080,2073600.0,False,RTX 3050,4,True,Windows 11,1
461,Lenovo IdeaPad Slim 1 82VG00EVIN Laptop (AMD Ryzen 3 7320U/ 8GB/ 512GB SSD/ Win11 Home),Lenovo,32000,52.0,AMD,Ryzen 3,7.0,4.0,8.0,8.0,LPDDR5,512,0,15.6,1920x1080,2073600.0,False,Radeon Graphics,0,False,Windows 11,1
462,Asus Vivobook 16 2023 X1605VA-MB957WS Laptop (13th Gen Core i9/ 16GB/ 1TB SSD/ Win11 Home),Asus,95689,66.0,Intel,Core i9,13.0,14.0,20.0,16.0,DDR4,1024,0,16.0,1920x1200,2304000.0,False,Iris Xe Graphics,0,False,Windows 11,1
463,HP Zbook FireFly 14 G8 4F0W6PA Laptop (11th Gen Core i5/ 16GB/ 512GB SSD/ Win11 ),HP,89900,65.0,Intel,Core i5,11.0,4.0,8.0,16.0,DDR4,512,0,14.0,1920x1080,2073600.0,False,UHD Graphics,0,False,Windows 11,1
464,Dell Inspiron 15 3511 IN35117W5CCS01ORB1 Laptop (11th Gen Core i5/ 8GB/ 512GB SSD/ Win11),Dell,44890,,Intel,Core i5,11.0,4.0,8.0,8.0,DDR4,512,0,15.6,1920x1080,2073600.0,False,UHD Graphics,0,False,Windows 11,1
465,Asus Vivobook S14 Flip TN3402QA-LZ551WS Laptop (AMD Ryzen 5 5600H/ 16GB/ 1TB SSD/Win11),Asus,63990,55.0,AMD,Ryzen 5,5.0,6.0,12.0,16.0,DDR4,1024,0,14.0,1920x1200,2304000.0,True,Radeon Graphics,0,False,Windows 11,1
466,Lenovo IdeaPad Gaming 3 82SB00V3IN Laptop (AMD Ryzen 5 6600H/ 16GB/ 512GB SSD/ Win11 Home/ 4GB Graph),Lenovo,63889,60.0,AMD,Ryzen 5,6.0,6.0,12.0,16.0,DDR4,512,0,15.6,1920x1080,2073600.0,False,RTX 3050,4,True,Windows 11,1
467,Asus Vivobook S14 Flip TN3402QA-LZ751WS Laptop (AMD Ryzen 7/ 16GB/ 1TB SSD/Win11),Asus,68990,59.0,AMD,Ryzen 7,5.0,8.0,16.0,16.0,DDR4,1024,0,14.0,1920x1200,2304000.0,True,Radeon Graphics,0,False,Windows 11,1
468,Lenovo IdeaPad 1 15AMN7 82VG00J5IN Laptop (AMD Ryzen 5 7520U / 8GB/ 512GB SSD/ Win11 Home),Lenovo,37990,52.0,AMD,Ryzen 5,7.0,4.0,8.0,8.0,LPDDR5,512,0,15.6,1920x1080,2073600.0,False,Integrated,0,False,Windows 11,1
469,Lenovo Thinkpad T14 Laptop (AMD R7 Pro 4750U/ 16GB/ 512GB SSD/ Win 10 Pro),Lenovo,90000,55.0,AMD,Ryzen 7,4.0,8.0,16.0,16.0,DDR4,512,0,14.0,1920x1080,2073600.0,False,Radeon Graphics,0,False,Windows 10,1
470,Lenovo IdeaPad Gaming 3 82K2028AIN Laptop (AMD Ryzen 5 5600H/ 8GB/ 512GB SSD/ Win11 Home/ 4GB Graph),Lenovo,46490,57.0,AMD,Ryzen 5,5.0,4.0,8.0,8.0,DDR4,512,0,15.6,1920x1080,2073600.0,False,RTX 2050,4,True,Windows 11,1
471,Lenovo IdeaPad Slim 3 82RK011DIN Laptop (12th Gen Core i3/ 8GB/ 256GB SSD/ Win11),Lenovo,32990,,Intel,Core i3,12.0,6.0,8.0,8.0,DDR4,256,0,15.6,1920x1080,2073600.0,False,UHD Graphics,0,False,Windows 11,1
472,Dell Vostro 3520 Laptop (11th Gen Core i5/ 8GB/ 512GB SSD/ Win11),Dell,42990,53.0,Intel,Core i5,11.0,4.0,8.0,8.0,DDR4,512,0,15.6,1920x1080,2073600.0,False,UHD Graphics,0,False,Windows 11,1
473,HP 255 G9 724N9EA Laptop (AMD Athlon Silver 3050U/ 4GB/ 256GB SSD/ Win11),HP,21290,,AMD,Athlon,3.0,2.0,2.0,4.0,DDR4,256,0,15.6,1366x768,1049088.0,False,Integrated,0,False,Windows 11,1
474,Lenovo IdeaPad 1 15AMN7 82VG00EQIN Laptop (AMD Athlon 7120U / 8GB/ 512GB SSD/ Win11 Home),Lenovo,26990,,AMD,Athlon,,2.0,2.0,8.0,LPDDR5,512,0,15.6,1366x768,1049088.0,False,Integrated,0,False,Windows 11,1
475,Dell Vostro 3530 Laptop (13th Gen Core i5/ 8GB/ 512GB SSD/ Win11),Dell,55700,52.0,Intel,Core i5,13.0,10.0,12.0,8.0,DDR4,512,0,15.6,1920x1080,2073600.0,False,Integrated Graphics,0,False,Windows 11,1
476,Lenovo V14 G4 Laptop (AMD Ryzen 3 7320U / 8GB/ 512GB SSD/ Win11 Home),Lenovo,28990,,AMD,Ryzen 3,7.0,4.0,8.0,8.0,LPDDR5,512,0,14.0,1920x1080,2073600.0,False,Integrated,0,False,Windows 11,1
477,Lenovo Thinkpad E15 G4 21DJA0Y0IN Laptop (12th Gen Core i7/ 16GB/ 512GB SSD/ Win11 Home),Lenovo,57990,59.0,Intel,Core i7,12.0,10.0,12.0,16.0,DDR4,512,0,15.6,1920x1080,2073600.0,False,Integrated,0,False,Windows 11,1
478,Lenovo V15 G3 82TTA02UIH Laptop (12th Gen Core i5/ 8GB/ 512GB SSD/ Win11),Lenovo,44990,59.0,Intel,Core i5,12.0,10.0,12.0,8.0,DDR4,512,0,15.6,1920x1080,2073600.0,False,Integrated,0,False,Windows 11,1
479,MSI Creator Z16 HX B13VFTO-215IN Laptop (13th Gen Core i7/ 32GB/ 1TB SSD/ Win11/ RTX4060),MSI,219990,,Intel,Core i7,13.0,16.0,24.0,32.0,DDR5,1024,0,16.0,2560x1600,4096000.0,False,RTX4060,8,True,Windows 11,2
480,Dell Vostro 3525 Laptop (AMD Ryzen 5-5500U/ 8GB/ 512GB SSD/ Win11),Dell,36990,52.0,AMD,Ryzen 5,5.0,6.0,12.0,8.0,DDR4,512,0,15.6,1920x1080,2073600.0,False,Radeon Graphics,0,False,Windows 11,1
481,Asus ROG Strix G16 2023 G614JJ-N3086WS Gaming Laptop (13th Gen Core i5/ 16GB/ 512GB SSD/ Win11/ 6GB Graph),Asus,92990,64.0,Intel,Core i5,13.0,10.0,16.0,16.0,DDR5,512,0,16.0,1920x1200,2304000.0,False,RTX 3050,6,True,Windows 11,1
482,Asus ROG Strix G16 2023 G614JJ-N3088WS Gaming Laptop (13th Gen Core i5/ 16GB/ 1TB SSD/ Win11/ 6GB Graph),Asus,94990,65.0,Intel,Core i5,13.0,10.0,16.0,16.0,DDR5,1024,0,16.0,1920x1200,2304000.0,False,RTX 3050,6,True,Windows 11,1
483,MSI Creator Pro M16 B13VJ-1272IN Gaming Laptop (13th Gen Core i7/ 32GB/ 1TB SSD/ Win 11/ 8GB Graph),MSI,249990,79.0,Intel,Core i7,13.0,14.0,20.0,32.0,DDR5,1024,0,16.0,1920x1200,2304000.0,False,M1,8,True,Windows 11,2
484,Lenovo IdeaPad Slim 3i 82X70032IN Laptop (13th Gen Core i3/ 8GB/ 512GB SSD/ Win11 Home),Lenovo,43590,,Intel,Core i3,13.0,5.0,6.0,8.0,LPDDR5,512,0,15.6,1920x1080,2073600.0,False,UHD Graphics,0,False,Windows 11,1
485,HP 240 G9 821J4PA Laptop (12th Gen Core i5/ 8GB/ 512 GB SSD/ Win11),HP,64490,59.0,Intel,Core i5,12.0,10.0,12.0,8.0,DDR4,512,0,14.0,1366x768,1049088.0,False,Integrated,0,False,Windows 11,1
486,Lenovo IdeaPad Flex 5 Gen 8 82XX0070IN Laptop (AMD Ryzen 5 7530U/ 16GB/ 512GB SSD/ Win11 Home),Lenovo,62990,65.0,AMD,Ryzen 5,7.0,6.0,12.0,16.0,LPDDR4X,512,0,14.0,1920x1200,2304000.0,True,Integrated,0,False,Windows 11,1
487,Dell Inspiron 3530 15 Laptop (13th Gen Core i5/ 16GB/ 1TB SSD/ Win11 Home),Dell,66450,52.0,Intel,Core i5,13.0,10.0,12.0,16.0,DDR4,1024,0,15.6,1920x1080,2073600.0,False,UHD Graphics,0,False,Windows 11,1
488,Lenovo IdeaPad 3 82H802L3IN Laptop (11th Gen Core i3/ 8GB/ 512GB SSD/ Win11 Home),Lenovo,35232,54.0,Intel,Core i3,11.0,2.0,4.0,8.0,DDR4,512,0,15.6,1920x1080,2073600.0,False,Integrated,0,False,Windows 11,1
489,HP ZBook Firefly 16 G9 6V2X7PA Workstation PC Laptop (12th Gen Core i7/ 16GB/ 1TB SSD/ Win11),HP,124000,69.0,Intel,Core i7,12.0,10.0,12.0,16.0,DDR5,1024,0,16.0,1920x1200,2304000.0,False,Iris Xe Graphics,0,False,Windows 11,1
490,Asus ROG Strix G17 G713RC-HX109WS Gaming Laptop (AMD Ryzen 7 6800H/ 16GB/ 512GB SSD/ Win11/ 4GB Graph),Asus,79990,68.0,AMD,Ryzen 7,6.0,8.0,16.0,16.0,DDR5,512,0,17.3,1920x1080,2073600.0,False,RTX 3050,4,True,Windows 11,1
491,Lenovo IdeaPad Slim 3 82H803HPIN Laptop (11th Gen Core i5/ 16GB/ 512GB SSD/ Win11 Home),Lenovo,47490,55.0,Intel,Core i5,11.0,4.0,8.0,16.0,DDR4,512,0,15.6,1920x1080,2073600.0,False,Iris Xe Graphics,0,False,Windows 11,1
492,HP Victus 15-fa1132TX Laptop (12th Gen Core i5/ 8GB/ 512GB SSD/ Win11 Home/ 4GB Graph),HP,59990,62.0,Intel,Core i5,12.0,8.0,12.0,8.0,DDR4,512,0,15.6,1920x1080,2073600.0,False,RTX 2050,4,True,Windows 11,1
493,Infinix INBook X2 Slim Series XL23 2023 Laptop (11th Gen Core i5/ 16GB/ 1TB SSD/ Win 11 Home),Infinix,36990,55.0,Intel,Core i5,11.0,4.0,8.0,16.0,LPDDR4X,1024,0,14.0,1920x1080,2073600.0,False,Integrated,0,False,Windows 11,1
494,Lenovo IdeaPad Gaming 3 15IHU6 82K101PCIN Laptop (11th Gen Core i5/ 8GB/ 512GB SSD/ Win11/ 4GB Graph),Lenovo,50990,60.0,Intel,Core i5,11.0,4.0,8.0,8.0,DDR4,512,0,15.6,1920x1080,2073600.0,False,GTX 2050,4,True,Windows 11,1
495,Acer Aspire Lite 15 AL15-51 Laptop (11th Gen Core i3/16GB/ 512GB SSD/ Win11),Acer,35499,57.0,Intel,Core i3,11.0,2.0,4.0,16.0,DDR4,512,0,15.6,1920x1080,2073600.0,False,UHD Graphics,0,False,Windows 11,1
496,Lenovo Yoga 6 13ABR8 83B2007UIN Laptop (AMD Ryzen 7 7730U/ 16GB/ 1TB SSD/ Win11 Home),Lenovo,86190,66.0,AMD,Ryzen 7,7.0,8.0,16.0,16.0,LPDDR4X,1024,0,13.3,1920x1200,2304000.0,True,Radeon Graphics,0,False,Windows 11,1
497,Lenovo IdeaPad Flex 5 82R900D4IN Laptop (AMD Ryzen 7 5700U/ 16GB/ 512GB SSD/ Win11 Home),Lenovo,64990,60.0,AMD,Ryzen 7,5.0,8.0,16.0,16.0,DDR4,512,0,14.0,1920x1200,2304000.0,True,Integrated,0,False,Windows 11,1
498,Ultimus Neo NU14U3INT54BN Laptop (10th Gen Core i3/ 8GB/ 256GB SSD/Win11 Home),Other,22000,,Intel,Core i3,10.0,2.0,4.0,8.0,DDR4,256,0,14.1,1920x1080,2073600.0,False,Integrated,0,False,Windows 11,1
499,Microsoft Surface Laptop Go 3 (12th Gen Core i5/ 16 GB RAM/ 256 GB SSD/ Win 11),Microsoft,89990,56.0,Intel,Core i5,12.0,10.0,12.0,16.0,DDR4,256,0,12.4,1536x1024,1572864.0,True,Iris Xe Graphics,0,False,Windows 11,1
500,HP Victus 15-fb0158AX Gaming Laptop (AMD Ryzen 5 5600H/ 8GB/ 512GB SSD/ Win11/ 4GB Graph),HP,50490,63.0,AMD,Ryzen 5,5.0,6.0,12.0,8.0,DDR4,512,0,15.6,1920x1080,2073600.0,False,Radeon RX 6500M,4,True,Windows 11,1
501,Lenovo Legion Slim 5 16APH8 82Y90042IN Gaming Laptop (AMD Ryzen 7 7840HS/ 16GB/ 512GB SSD/ Win11/ 8GB Graph),Lenovo,128990,78.0,AMD,Ryzen 7,7.0,8.0,16.0,16.0,DDR5,512,0,16.0,2560x1600,4096000.0,False,RTX 4060,8,True,Windows 11,1
502,Lenovo IdeaPad Gaming 3 15IHU6 82K101PBIN Laptop (11th Gen Core i5/ 8GB/ 512GB SSD/ Win11 Home/ 4GB Graph),Lenovo,50990,63.0,Intel,Core i5,11.0,4.0,8.0,8.0,DDR4,512,0,15.6,1920x1080,2073600.0,False,RTX 2050,4,True,Windows 11,1
503,Lenovo Legion Slim 5 82Y9009KIN Gaming Laptop (AMD Ryzen 7 7840HS/ 16GB/ 512GB SSD/ Win11/ 6GB Graph),Lenovo,114190,75.0,AMD,Ryzen 7,7.0,8.0,16.0,16.0,DDR5,512,0,16.0,1920x1200,2304000.0,False,RTX 4050,6,True,Windows 11,1
504,HP Pavilion x360 14-ek1021TU Laptop (13th Gen Core i7/ 16GB/ 512GB SSD/ Win11),HP,89990,65.0,Intel,Core i7,13.0,10.0,12.0,16.0,DDR4,512,0,14.0,1920x1080,2073600.0,True,Integrated,0,False,Windows 11,1
505,Lenovo IdeaPad Gaming 3 15IAH7 82S9014LIN Laptop (12th Gen Core i5/ 16GB/ 512GB SSD/ Win11 Home/ 4GB Graph),Lenovo,67990,63.0,Intel,Core i5,12.0,8.0,12.0,16.0,DDR4,512,0,15.6,1920x1080,2073600.0,False,RTX 3050,4,True,Windows 11,1
506,HP Victus 15-fa1062TX Gaming Laptop (13th Gen Core i5/ 16GB/ 512GB SSD/ Win11 Home/ 6GB Graph),HP,97000,66.0,Intel,Core i5,13.0,12.0,16.0,16.0,DDR4,512,0,15.6,1920x1080,2073600.0,False,RTX 4050,6,True,Windows 11,1
507,Lenovo S14 Gen 3 82TW001DIH Laptop (12th Gen Core i5/ 8GB/ 512GB SSD/ Win11),Lenovo,47990,51.0,Intel,Core i5,12.0,10.0,12.0,8.0,DDR4,512,0,14.0,1920x1080,2073600.0,False,UHD Graphics,0,False,Windows 11,3
508,Lenovo Yoga Pro 7 82Y700A2IN Laptop (13th Gen Core i7/ 16GB/ 1TB SSD/ Win11 Home),Lenovo,104900,61.0,Intel,Core i7,13.0,14.0,20.0,16.0,LPDDR5,1024,0,14.5,2560x1600,4096000.0,False,Iris Xe Graphics,0,False,Windows 11,1
509,HP 15-fc0027AU Laptop (AMD Ryzen 3 7320U/ 8GB/ 512GB SSD/ Win11 Home),HP,36990,52.0,AMD,Ryzen 3,7.0,4.0,8.0,8.0,LPDDR5,512,0,15.6,1920x1080,2073600.0,False,Integrated,0,False,Windows 11,1
510,Lenovo Legion Slim 5 16APH8 82Y9008MIN Gaming Laptop (AMD Ryzen 7 7840HS/ 16GB/ 512GB SSD/ Win11/ 8GB Graph),Lenovo,130990,79.0,AMD,Ryzen 7,7.0,8.0,16.0,16.0,DDR5,512,0,16.0,2560x1600,4096000.0,False,RTX 4060,8,True,Windows 11,1
511,Acer Aspire 5 A515-58M NX.KHFSI.003 Gaming Laptop (13th Gen Core i3/ 8GB/ 512GB SSD/ Win11 Home),Acer,40990,,Intel,Core i3,13.0,5.0,6.0,8.0,DDR5,512,0,15.6,1920x1080,2073600.0,False,UHD Graphics,0,False,Windows 11,1
512,HP Spectre 17-cs0097nr Foldable Laptop (12th Gen Core i7/ 16 GB RAM/ 1 TB SSD/ Win 11),HP,415000,66.0,Intel,Core i7,12.0,10.0,12.0,16.0,DDR4,1024,0,17.0,1920x2560,4915200.0,True,Iris Xe Graphics,0,False,Windows 11,1
513,Asus VivoBook 15 X515MA-BR022WS Laptop (Celeron N4020/ 8GB/ 512GB SSD/ Win11 Home),Asus,27490,,Intel,Celeron,,2.0,2.0,8.0,DDR4,512,0,15.6,1366x768,1049088.0,False,Integrated,0,False,Unspecified,1
514,Fujitsu CH‎ 4ZR1L82433 Laptop (13th Gen Core i5/ 16GB/ 512GB SSD/ Win11),Fujitsu,59806,61.0,Intel,Core i5,13.0,10.0,12.0,16.0,DDR5,512,0,13.3,1920x1080,2073600.0,False,Iris Xe Graphics,0,False,Windows 11,2
515,Asus VivoBook 15 X1500EA-EJ311W Laptop (11th Gen Core i3/ 8GB/ 256GB SSD/ Win11),Asus,28990,53.0,Intel,Core i3,11.0,2.0,4.0,8.0,DDR4,256,0,15.6,1920x1080,2073600.0,False,Integrated,0,False,Windows 11,1
516,Fujitsu CH‎ 4ZR1L82434 Laptop (13th Gen Core i7/ 16GB/ 512GB SSD/ Win11),Fujitsu,69990,62.0,Intel,Core i7,13.0,10.0,12.0,16.0,DDR5,512,0,13.3,1920x1080,2073600.0,False,Iris Xe Graphics,0,False,Windows 11,2
517,Asus Vivobook 15 X1502ZA-EJ993WS Laptop (12th Gen Core i3/ 16GB/ 512GB SSD/ Win11),Asus,39990,54.0,Intel,Core i3,12.0,6.0,8.0,16.0,DDR4,512,0,15.6,1920x1080,2073600.0,False,Integrated,0,False,Windows 11,1
518,Asus Vivobook 15X OLED M3504YA-LK752WS Laptop (AMD Ryzen 7 7730U/ 16GB/ 1TB SSD/ Win11 Home),Asus,62990,63.0,AMD,Ryzen 7,7.0,8.0,16.0,16.0,DDR4,1024,0,15.6,1920x1080,2073600.0,False,M3,0,False,Windows 11,1
519,Asus Vivobook 15 X1504ZA-NJ542WS Laptop (12th Gen Core i5/ 16GB/ 512GB SSD/ Win11),Asus,50990,56.0,Intel,Core i5,12.0,10.0,12.0,16.0,DDR4,512,0,15.6,1920x1080,2073600.0,False,Iris Xe Graphics,0,False,Windows 11,1
522,HP 15s-fq3066TU Laptop (Intel Celeron N4500/ 8GB/ 512GB SSD/ Win11 Home),HP,28990,,Intel,Celeron,,2.0,2.0,8.0,DDR4,512,0,15.6,1366x768,1049088.0,False,Integrated,0,False,Windows 11,1
523,Asus Vivobook Pro 15 M6500RC-HN741WS Laptop (AMD Ryzen 7 6800H/ 16GB/ 512GB SSD/ Win11/ 4GB Graph),Asus,72990,66.0,AMD,Ryzen 7,6.0,8.0,16.0,16.0,LPDDR5,512,0,15.6,1920x1080,2073600.0,False,RTX 3050,4,True,Windows 11,1
524,HP Victus 15-fb1016AX  Gaming Laptop (AMD Ryzen 5 7535HS/ 8GB/ 512GB SSD/ Win11/ 4GB Graph),HP,62500,63.0,AMD,Ryzen 5,7.0,6.0,12.0,8.0,DDR5,512,0,15.6,1920x1080,2073600.0,False,RTX 2050,4,True,Windows 11,1
525,Lenovo Ideapad 3 15ITL06 82H803GUIN Laptop (11th Gen Core i3/ 8GB/ 512GB SSD/ Win11),Lenovo,36890,,Intel,Core i3,11.0,2.0,4.0,8.0,DDR4,512,0,15.6,1920x1080,2073600.0,False,UHD Graphics,0,False,Windows 11,1
526,Lenovo IdeaPad Flex 5 82Y00053IN Laptop (13th Gen Core i7/ 16GB/ 512GB SSD/ Win11 Home),Lenovo,87990,55.0,Intel,Core i7,13.0,10.0,12.0,16.0,DDR4,512,0,14.0,1920x1200,2304000.0,True,Iris Xe Graphics,0,False,Windows 11,1
527,Lenovo Yoga 7 82YM0074IN Laptop (AMD Ryzen 7 7735U/ 16GB/ 1TB SSD/ Win11 Home),Lenovo,94190,75.0,AMD,Ryzen 7,7.0,8.0,16.0,16.0,DDR5,1024,0,14.0,2880x1800,5184000.0,True,Radeon Graphics,0,False,Windows 11,1
528,Lenovo IdeaPad 3 82H803HRIN Laptop (11th Gen Core i7/ 16GB/ 512GB SSD/ Win11 Home),Lenovo,59990,55.0,Intel,Core i7,11.0,4.0,8.0,16.0,DDR4,512,0,15.6,1920x1080,2073600.0,False,Iris Xe Graphics,0,False,Windows 11,1
529,HP 250 G9 7N179PA Laptop (12th Gen Core i5/ 8 GB RAM/ 512 GB SSD/ Win 11),HP,49990,53.0,Intel,Core i5,12.0,10.0,12.0,8.0,DDR4,512,0,15.6,1366x768,1049088.0,False,Iris Xe Graphics,0,False,Windows 11,1
530,Asus Vivobook Pro 15 M6500QC-HN551WS Laptop (AMD Ryzen 5 5600HS/ 16 GB RAM/ 1 TB SSD/ Win 11/ 4 GB Graphics),Asus,69990,59.0,AMD,Ryzen 5,5.0,6.0,12.0,16.0,DDR4,1024,0,15.6,1920x1080,2073600.0,False,RTX 3050,4,True,Windows 11,1
531,Lenovo Thinkpad E15 21E6S07S00 Laptop (12th Gen Core i5/ 16 GB RAM/ 512 GB SSD/ Win 11),Lenovo,77990,59.0,Intel,Core i5,12.0,10.0,12.0,16.0,DDR4,512,0,15.6,1920x1080,2073600.0,False,Iris Xe Graphics,0,False,Windows 11,1
532,Asus Vivobook Pro 15 M6500QC-HN751WS Laptop (AMD Ryzen 7 5800HS/ 16 GB RAM/ 1 TB SSD/ Win 11/ 4 GB Graphics),Asus,72990,60.0,AMD,Ryzen 7,5.0,8.0,16.0,16.0,DDR4,1024,0,15.6,1920x1080,2073600.0,False,RTX 3050,4,True,Windows 11,1
533,Lenovo Ideapad Slim 5 82XF007CIN Laptop (13th Gen Core i5/ 16 GB RAM/ 1 TB SSD/ Win 11),Lenovo,71990,53.0,Intel,Core i5,13.0,12.0,16.0,16.0,DDR4,1024,0,16.0,1920x1200,2304000.0,False,Iris Xe Graphics,0,False,Windows 11,1
534,HP 255 G9 841W6PA Laptop (AMD Ryzen 3 3250U/ 8 GB RAM/ 512 GB SSD/ FreeDOS),HP,23999,,AMD,Ryzen 3,3.0,2.0,4.0,8.0,DDR4,512,0,15.6,1366x768,1049088.0,False,Radeon Graphics,0,False,DOS,1
535,Lenovo IdeaPad Slim 5i 83BG000DIN Laptop (12th Gen Core i5/ 16 GB RAM/ 512 GB SSD/ Win 11),Lenovo,62190,54.0,Intel,Core i5,12.0,8.0,12.0,16.0,DDR4,512,0,16.0,1920x1200,2304000.0,False,UHD Graphics,0,False,Windows 11,1
536,Asus Vivobook 16X 2023 K3605ZC-MBN752WS Laptop (12th Gen Core i7/ 16GB/ 1TB SSD/ Win11 Home/ 4GB Graph),Asus,82990,69.0,Intel,Core i7,12.0,10.0,16.0,16.0,DDR4,1024,0,16.0,1920x1200,2304000.0,False,RTX 3050,4,True,Windows 11,1
537,Lenovo IdeaPad Slim 3 82RK00VVIN Laptop (12th Gen Core i3/ 8GB/ 512GB SSD/ Win11),Lenovo,37990,,Intel,Core i3,12.0,6.0,8.0,8.0,DDR4,512,0,15.6,1920x1080,2073600.0,False,UHD Graphics,0,False,Windows 11,1
538,Gigabyte G5 MF-F2IN313SH Laptop (12th Gen Core i5/ 16GB/ 512GB SSD/ Win11 Home/ 6GB Graph),Gigabyte,71990,64.0,Intel,Core i5,12.0,8.0,12.0,16.0,DDR4,512,0,15.6,1920x1080,2073600.0,False,RTX 4050,6,True,Windows 11,2
539,HP Victus 15-FB1001AX Gaming Laptop (AMD Ryzen 5 7535HS/ 8GB/ 512GB SSD/ Win11/ 4GB Graph),HP,54990,66.0,AMD,Ryzen 5,7.0,6.0,12.0,8.0,DDR5,512,0,15.6,1920x1080,2073600.0,False,RTX 2050,4,True,Windows 11,1
540,Dell Inspiron 3530 IN3530RW8JY001ORS1 Laptop (13th Gen Core i5/ 8GB/ 1TB SSD/ Win11 Home),Dell,57890,,Intel,Core i5,13.0,10.0,12.0,8.0,DDR4,1024,0,15.6,1920x1080,2073600.0,False,UHD Graphics,0,False,Windows 11,1
541,Dell Inspiron 3520 IN3520KTMFJS1ORGR1 Laptop (11th Gen Core i3/ 8GB/ 512GB SSD/ Win11),Dell,38990,50.0,Intel,Core i3,11.0,2.0,4.0,8.0,DDR4,512,0,15.6,1920x1080,2073600.0,False,UHD Graphics,0,False,Windows 11,1
542,Acer Aspire 7 A715-76G NH.QMYSI.001 Gaming Laptop (12th Gen Core i5/ 8GB/ 512GB SSD/ Win11 Home/ 4GB Graph),Acer,51990,64.0,Intel,Core i5,12.0,8.0,12.0,8.0,DDR4,512,0,15.6,1920x1080,2073600.0,False,RTX 2050,4,True,Windows 11,1
543,Lenovo Legion 9i 2023 Laptop (13th Gen Core i9/ 32GB/ 1TB SSD/ Win11/ 16GB Graph),Lenovo,399999,,Intel,Core i9,13.0,24.0,32.0,32.0,DDR5,1024,0,16.0,3200x2000,6400000.0,False,RTX 4090,16,True,Windows 11,1
544,Asus TUF Gaming F15 90NR0GW1-M00F00 Laptop (12th Gen Core i7/ 16GB/ 1TB SSD/ Win11/ 4GB Graph),Asus,86990,60.0,Intel,Core i7,12.0,,20.0,16.0,DDR5,1024,0,15.6,1920x1080,2073600.0,False,RTX 3050,0,True,Windows 11,1
545,HP 250 G9 7M659PA Laptop (12th Gen Core i3/ 8GB/ 512GB SSD/ Win11),HP,34990,57.0,Intel,Core i3,12.0,6.0,8.0,8.0,DDR4,512,0,15.6,1366x768,1049088.0,False,Integrated,0,False,Windows 11,1
546,Asus Vivobook 16 2023 X1605ZAB-MB322WS Laptop (12th Gen Core i3/ 8GB/ 512GB SSD/ Win11 Home),Asus,40739,53.0,Intel,Core i3,12.0,6.0,8.0,8.0,DDR4,512,0,16.0,1920x1200,2304000.0,False,Integrated,0,False,Windows 11,1
547,Asus Vivobook 16X 2023 K3605ZV-MBN741WS Laptop (12th Gen Core i7/ 16GB/ 512GB SSD/ Win11),Asus,99990,69.0,Intel,Core i7,12.0,10.0,16.0,16.0,DDR4,512,0,16.0,1920x1200,2304000.0,False,Integrated,0,False,Windows 11,1
548,Asus Chromebook CX1400FKA-EC0158 Laptop (Celeron N4500/ 4GB/ 64GB eMMC/ Chrome OS),Asus,25751,,Intel,Celeron,,2.0,2.0,4.0,LPDDR4X,64,0,14.0,1920x1080,2073600.0,True,Integrated,0,False,Chrome OS,1
549,Asus Chromebook CX1400CKA-EK0257 Laptop (Celeron N4500/ 4GB/ 64GB eMMC/ Chrome OS),Asus,14990,,Intel,Celeron,,2.0,2.0,4.0,LPDDR4X,64,0,14.0,1920x1080,2073600.0,False,Integrated,0,False,Chrome OS,1
550,Lenovo IdeaPad 1 15IGL7 82V700BSIN Laptop (Celeron N4020/ 8GB/ 256GB SSD/ Win11 Home),Lenovo,26490,,Intel,Celeron,4.0,2.0,2.0,8.0,DDR4,256,0,15.6,1366x768,1049088.0,False,UHD Graphics,0,False,Windows 11,1
551,Gigabyte G6 KF Gaming Laptop (13th Gen Core i7/ 16 GB RAM/ 512 GB SSD/ Win 11/ 8 GB Graphics),Gigabyte,130000,68.0,Intel,Core i7,13.0,10.0,16.0,16.0,DDR4,512,0,16.0,1920x1200,2304000.0,False,RTX 4060,8,True,Windows 11,1
552,HP 15s-eq2132AU Laptop (AMD Ryzen 5 5500U/ 16GB/ 512GB SSD/ Win11 Home),HP,46150,59.0,AMD,Ryzen 5,5.0,6.0,12.0,16.0,DDR4,512,0,15.6,1920x1080,2073600.0,False,Integrated,0,False,Windows 11,1
553,Gigabyte G5 KF-E3IN313SH Laptop (12th Gen Core i5/ 8GB/ 512GB SSD/ Win11 Home/ 8GB Graph),Gigabyte,86990,69.0,Intel,Core i5,12.0,12.0,16.0,8.0,DDR5,512,0,15.6,1920x1080,2073600.0,False,RTX 4060,8,True,Windows 11,2
554,Lenovo IdeaPad Flex 5 82Y0004YIN Laptop (13th Gen Core i3/ 8GB/ 512GB SSD/ Win11 Home),Lenovo,59190,55.0,Intel,Core i3,13.0,6.0,8.0,8.0,LPDDR4x,512,0,14.0,1920x1200,2304000.0,True,UHD Graphics,0,False,Windows 11,1
555,Lenovo ThinkBook 15 G3 ACL 21A4003KUS Laptop (AMD Ryzen 7 5700U/ 16GB/ 512 GB SSD/ Win11 Home),Lenovo,48990,55.0,AMD,Ryzen 7,5.0,8.0,16.0,16.0,DDR4,512,0,15.6,1920x1080,2073600.0,False,Integrated,0,False,Windows 11,1
556,Lenovo IdeaPad Slim 5 16IAH8 83BG000PIN Laptop (12th Gen Core i5/ 16GB/ 512GB SSD/ Win11),Lenovo,62190,60.0,Intel,Core i5,12.0,8.0,12.0,16.0,LPDDR5,512,0,16.0,1920x1200,2304000.0,False,UHD Graphics,0,False,Windows 11,1
557,Lenovo IdeaPad Slim 5 82XX007MIN Laptop (AMD Ryzen 7 7730U/ 16GB/ 512GB SSD/ Win11),Lenovo,69190,64.0,AMD,Ryzen 7,7.0,8.0,16.0,16.0,DDR4,512,0,14.0,1920x1200,2304000.0,False,Integrated,0,False,Windows 11,1
558,Lenovo IdeaPad Slim 5 14IAH8 83BF000UIN Laptop (12th Gen Core i5/ 16GB/ 512GB SSD/ Win11),Lenovo,59690,56.0,Intel,Core i5,12.0,8.0,12.0,16.0,LPDDR5,512,0,14.0,1920x1080,2073600.0,False,UHD Graphics,0,False,Windows 11,1
559,Acer Predator Helios Neo 16 2023 PHN16-71 Gaming Laptop (13th Gen Core i9/ 16GB/ 1TB SSD/ Win11/ 8GB Graph),Acer,179990,73.0,Intel,Core i9,13.0,24.0,32.0,16.0,DDR5,1024,0,16.0,1920x1200,2304000.0,False,RTX 4070,8,True,Windows 11,1
560,Lenovo IdeaPad Slim 5 82XE0072IN Laptop (AMD Ryzen 7 7730U/ 16GB/ 512GB SSD/ Win11),Lenovo,61190,64.0,AMD,Ryzen 7,7.0,8.0,16.0,16.0,DDR4,512,0,14.0,1920x1200,2304000.0,False,Integrated,0,False,Windows 11,1
561,Lenovo IdeaPad Slim 3 82XQ008UIN Laptop (AMD Ryzen 5 7520U/ 8GB/ 512GB SSD/ Win11 Home),Lenovo,41290,54.0,AMD,Ryzen 5,7.0,4.0,8.0,8.0,LPDDR5,512,0,15.6,1920x1080,2073600.0,False,Integrated,0,False,Windows 11,1
562,Lenovo IdeaPad Slim 3 82XQ0096IN Laptop (AMD Ryzen 5 7520U/ 16GB/ 512GB SSD/ Win11 Home),Lenovo,45990,56.0,AMD,Ryzen 5,7.0,4.0,8.0,16.0,LPDDR5,512,0,15.6,1920x1080,2073600.0,False,Integrated,0,False,Windows 11,1
563,Lenovo V15 G3 IAP 82TT004VIH Laptop (12th Gen Core i5/ 8GB/ 512GB SSD/ DOS),Lenovo,43400,52.0,Intel,Core i5,12.0,10.0,12.0,8.0,DDR4,512,0,15.6,1920x1080,2073600.0,False,Integrated,0,False,DOS,1
564,Asus Vivobook 14X OLED 2023 K3405VCB-KM951WS Laptop (13th Gen Core i9/ 16GB/ 1TB SSD/ Win11/4 GB Graphics),Asus,109990,73.0,Intel,Core i9,13.0,14.0,20.0,16.0,DDR4,1024,0,14.0,2880x1800,5184000.0,False,RTX 3050,4,True,Windows 11,1
565,Asus Vivobook 16X K3605ZC-MBN541WS Laptop (12th Gen Core i5/ 16 GB RAM/ 512 GB SSD/ Win 11/ 4 GB Graphics),Asus,67990,62.0,Intel,Core i5,12.0,8.0,12.0,16.0,DDR4,512,0,16.0,1920x1200,2304000.0,False,RTX 3050,4,True,Windows 11,1
566,Asus Vivobook 16X K3605ZC-MBN542WS Laptop (12th Gen Core i5/ 16 GB RAM/ 512 GB SSD/ Win 11/ 4 GB Graphics),Asus,67990,61.0,Intel,Core i5,12.0,8.0,12.0,16.0,DDR4,512,0,16.0,1920x1200,2304000.0,False,RTX 3050,4,True,Windows 11,1
567,Asus Vivobook 16X K3605ZU-MBN541WS Laptop (12th Gen Core i5/ 16 GB RAM/ 512 GB SSD/ Win 11/ 6GB Graphics),Asus,76990,64.0,Intel,Core i5,12.0,8.0,12.0,16.0,DDR4,512,0,16.0,1920x1200,2304000.0,False,RTX 4050,6,True,Windows 11,1
568,Asus Vivobook 14X K3405ZF-LY541WS Laptop (12th Gen Core i5/ 16 GB RAM/ 512 GB SSD/ Win 11/ 4 GB Graphics),Asus,64990,60.0,Intel,Core i5,12.0,8.0,12.0,16.0,DDR4,512,0,14.0,1920x1200,2304000.0,False,RTX 2050,4,True,Windows 11,1
569,MSI Thin GF63 11UC-1291IN Gaming Laptop (11th Gen Core i5/ 16GB/ 512GB SSD/ Win11 Home/ 4GB Graph),MSI,62990,68.0,Intel,Core i5,11.0,6.0,12.0,16.0,DDR4,512,0,15.6,1920x1080,2073600.0,False,RTX 3050,4,True,Windows 11,2
570,MSI Katana 15 B12UDXK-1004IN Gaming Laptop (12th Gen Core i7/ 16GB/ 512GB SSD/ Win11 Home/ 6GB Graph),MSI,85990,71.0,Intel,Core i7,12.0,10.0,16.0,16.0,DDR5,512,0,15.6,1920x1080,2073600.0,False,RTX 3050,6,True,Windows 11,2
571,Asus Vivobook Pro 15 OLED M6500QC-LK541WS Laptop (Ryzen 5 5600H/ 16GB/ 512GB SSD/ Win11/ 4GB Graph),Asus,68990,59.0,AMD,Ryzen 5,5.0,6.0,12.0,16.0,DDR4,512,0,15.6,1920x1080,2073600.0,False,RTX 3050,4,True,Windows 11,1
572,Acer TMP214-41-G3 UN.VSQSI.006 Notebook (AMD Ryzen 5 5500U/ 8GB/ 512GB SSD/ Win11 Home),Acer,29990,55.0,AMD,Ryzen 5,5.0,6.0,12.0,8.0,DDR4,512,0,14.0,1366x768,1049088.0,False,Integrated,0,False,Windows 11,1
573,Asus Vivobook Go 14 2023 E1404FA-NK327WS Laptop (Ryzen 3 7320U / 8GB/ 512GB SSD/ Win11 Home),Asus,33990,52.0,AMD,Ryzen 3,7.0,4.0,8.0,8.0,LPDDR5,512,0,14.0,1920x1080,2073600.0,False,Integrated,0,False,Windows 11,1
574,HP Victus 15-fa0187TX Gaming Laptop (12th Gen Core i7/ 16GB/ 1TB SSD/ Win11/ 4GB Graph),HP,85990,71.0,Intel,Core i7,12.0,10.0,16.0,16.0,DDR4,1024,0,15.6,1920x1080,2073600.0,False,RTX 3050,4,True,Windows 11,1
575,Acer TMP214-41-G3 UN.VSQSI.007 Notebook (AMD Ryzen 5 5500U/ 16GB/ 512GB SSD/ Win11 Home),Acer,36990,57.0,AMD,Ryzen 5,5.0,6.0,12.0,16.0,DDR4,512,0,14.0,1366x768,1049088.0,False,Integrated,0,False,Windows 11,1
576,Asus VivoBook 15 X1504ZA-NJ326WS Laptop (12th Gen Core i3/ 8GB/ 512GB SSD/ Win11 Home),Asus,35990,52.0,Intel,Core i3,12.0,6.0,8.0,8.0,DDR4,512,0,15.6,1920x1080,2073600.0,False,UHD Graphics,0,False,Windows 11,1
577,HP Victus15-fb0147AX Gaming Laptop (Ryzen 5 5600H/ 8GB/ 512GB SSD/ Win11 Home/ 4GB Graph),HP,48990,57.0,AMD,Ryzen 5,5.0,6.0,12.0,8.0,DDR4,512,0,15.6,1920x1080,2073600.0,False,Radeon RX 6500M,4,True,Windows 11,1
578,Dell Vostro 3520 Laptop (11th Gen Core i3/ 8GB/ 512GB SSD/ Win11),Dell,33990,54.0,Intel,Core i3,11.0,2.0,4.0,8.0,DDR4,512,0,15.6,1920x1080,2073600.0,False,UHD Graphics,0,False,Windows 11,1
579,Dell Inspiron 5430 IN54308DXWP001ORS1 Laptop (13th Gen Core i7/ 16GB/ 1TB SSD/ Win11),Dell,81990,54.0,Intel,Core i7,13.0,10.0,12.0,16.0,LPDDR5,1024,0,14.0,1920x1080,2073600.0,False,Iris Xe Graphics,0,False,Windows 11,1
580,Lenovo IdeaPad 3 82KU024JIN Laptop (AMD Ryzen 7 5700U/ 16GB/ 512GB SSD/ Win11 Home),Lenovo,48990,60.0,AMD,Ryzen 7,5.0,8.0,16.0,16.0,DDR4,512,0,15.6,1920x1080,2073600.0,False,Integrated,0,False,Windows 11,1
581,HP Victus 15-fb1018AX Gaming Laptop (AMD Ryzen 5 7535HS/ 8GB/ 512GB SSD/ Win11/ 4GB Graph),HP,54990,61.0,AMD,Ryzen 5,7.0,6.0,12.0,8.0,DDR5,512,0,15.6,1920x1080,2073600.0,False,RTX 2050,4,True,Windows 11,1
582,Asus TUF Gaming F15 FX506HF-HN076W Gaming Laptop (11th Gen Core i5/ 16GB/ 512GB SSD/ Win11/ 4GB Graph),Asus,52990,64.0,Intel,Core i5,11.0,6.0,12.0,16.0,DDR4,512,0,15.6,1920x1080,2073600.0,False,RTX 2050,4,True,Windows 11,1
583,HP 15S-EQ1550AU Laptop (AMD Ryzen 3 3250U/ 8 GB RAM/ 512 GB SSD/ Win 11),HP,34000,,AMD,Ryzen 3,3.0,2.0,4.0,8.0,DDR4,512,0,15.6,1920x1080,2073600.0,False,Radeon Graphics,0,False,Windows 11,1
584,HP Omen 16-wf0056TX 834U0PA Gaming Laptop (13th Gen Core i7/ 16 GB RAM/ 512 GB SSD/ Win 11/ 8 GB Graphics),HP,153490,65.0,Intel,Core i7,13.0,16.0,24.0,16.0,DDR4,512,0,16.1,1920x1080,2073600.0,False,RTX 4060,8,True,Windows 11,1
585,Asus Vivobook Pro 15 M6500QF-HN541WS Creator Laptop (AMD Ryzen 5 5600H/ 16 GB RAM/ 512 GB SSD/ Win 11/ 4 GB Graphics),Asus,57400,59.0,AMD,Ryzen 5,5.0,6.0,12.0,16.0,DDR4,512,0,15.6,1920x1080,2073600.0,False,GTX 2050,4,True,Windows 11,1
586,Asus Vivobook Go 14 2023 E1404FA-NK325WS Laptop (Ryzen 3 7320U / 8GB/ 512GB SSD/ Win11 Home),Asus,33990,52.0,AMD,Ryzen 3,7.0,4.0,8.0,8.0,LPDDR5,512,0,14.0,1920x1080,2073600.0,False,Integrated,0,False,Windows 11,1
587,Lenovo IdeaPad Slim 5 14IAH8 83BF0045IN Laptop (12th Gen Core i5/ 16GB/ 1TB SSD/ Win11),Lenovo,62990,56.0,Intel,Core i5,12.0,8.0,12.0,16.0,LPDDR5,1024,0,14.0,1920x1200,2304000.0,False,Integrated,0,False,Windows 11,1
588,MSI Modern 14 C12M-459IN Laptop (12th Gen Core i7/ 16GB/ 512GB SSD/ Win11 Home),MSI,54010,56.0,Intel,Core i7,12.0,10.0,12.0,16.0,DDR4,512,0,14.0,1920x1080,2073600.0,False,Integrated,0,False,Windows 11,1
589,Wings Nuvobook S1 Laptop (11th Gen Core i3/ 8GB/ 256GB SSD/ Win11),Other,23990,,Intel,Core i3,11.0,4.0,8.0,8.0,LPDDR4,256,0,15.6,1080x1920,2073600.0,False,Integrated,0,False,Windows 11,1
590,Wings Nuvobook S2 Laptop (11th Gen Core i3/ 8GB/ 512GB SSD/ Win11),Other,24990,,Intel,Core i3,11.0,4.0,8.0,8.0,LPDDR4,512,0,15.6,1080x1920,2073600.0,False,Integrated,0,False,Windows 11,1
591,Wings Nuvobook Pro Laptop (11th Gen Core i7/ 16GB/ 512GB SSD/ Win11),Other,59990,54.0,Intel,Core i7,11.0,4.0,8.0,16.0,LPDDR4,512,0,14.0,1080x1920,2073600.0,False,Integrated,0,False,Windows 11,1
592,Lenovo IdeaPad Slim 5 16IRL8 82XF003GIN Laptop (13th Gen Core i5/ 16GB/ 512GB SSD/ Win11),Lenovo,70190,55.0,Intel,Core i5,13.0,12.0,16.0,16.0,LPDDR5,512,0,16.0,1920x1200,2304000.0,False,Integrated,0,False,Windows 11,1
593,Lenovo IdeaPad 3 15ITL6 82H803GSIN Laptop (11th Gen Core i3/ 8GB/ 512GB SSD/ Win11 Home),Lenovo,34990,56.0,Intel,Core i3,11.0,2.0,4.0,8.0,DDR4,512,0,15.6,1920x1080,2073600.0,False,Integrated,0,False,Windows 11,1
594,MSI Stealth 16 Mercedes AMG A13VG-264IN Gaming Laptop (13th Gen Core i9/ 32GB/ 2TB SSD/ Win11/ 8GB Graph),MSI,278490,,Intel,Core i9,13.0,14.0,20.0,32.0,DDR5,2048,0,16.0,3840x2400,9216000.0,False,RTX 4070,8,True,Windows 11,2
595,Ultimus Elite NU14U3INF56BN-CS Laptop (10th Gen Core i5 / 8GB/ 512GB SSD/ Win11 Home),Other,29990,50.0,Intel,Core i5,10.0,4.0,8.0,8.0,DDR4,512,0,14.1,1920x1080,2073600.0,False,Integrated,0,False,Windows 11,1
596,Acer Aspire 3 Spin 14 NX.KENSI.002 Laptop (Intel Core i3 N305/ 8GB/ 512GB SSD/ Win11 Home),Acer,39990,,Intel,Core i3,,8.0,8.0,8.0,DDR4,512,0,14.0,1920x1200,2304000.0,False,UHD Graphics,0,False,Windows 11,1
597,MSI Stealth 16 Mercedes AMG A13VF-265IN Gaming Laptop (13th Gen Core i9/ 32GB/ 1TB SSD/ Win11/ 8GB Graph),MSI,219990,,Intel,Core i9,13.0,14.0,20.0,32.0,DDR5,1024,0,16.0,3840x2400,9216000.0,False,RTX 4060,8,True,Windows 11,2
598,MSI Thin GF63 11UCX-1492IN Gaming Laptop (11th Gen Core i5/ 16GB/ 1TB 256GB SSD/ Win11 Home/ 4GB Graph),MSI,56990,69.0,Intel,Core i5,11.0,6.0,12.0,16.0,DDR4,256,1024,15.6,1920x1080,2073600.0,False,RTX 2050,4,True,Windows 11,1
599,MSI Thin GF63 11UCX-1491IN Gaming Laptop (11th Gen Core i5/ 16GB/ 1TB 512GB SSD/ Win11 Home/ 4GB Graph),MSI,61990,71.0,Intel,Core i5,11.0,6.0,12.0,16.0,DDR4,512,1024,15.6,1920x1080,2073600.0,False,RTX 2050,4,True,Windows 11,1
600,Infinix INBook X3 Slim XL422 Laptop (12th Gen Core i5/ 16GB/ 512GB SSD/ Win 11 Home),Infinix,36990,51.0,Intel,Core i5,12.0,10.0,12.0,16.0,LPDDR4X,512,0,14.0,1920x1080,2073600.0,False,Integrated,0,False,Windows 11,1
601,Lenovo IdeaPad Slim 5 82XD003NIN Laptop (13th Gen Core i5/ 16GB/ 512GB SSD/ Win11),Lenovo,67190,56.0,Intel,Core i5,13.0,8.0,12.0,16.0,LPDDR5,512,0,14.0,1920x1200,2304000.0,False,Iris Xe Graphics,0,False,Windows 11,2
602,Infinix INBook X3 Slim Series XL422 Laptop (12th Gen Core i7/ 16GB/ 512GB SSD/ Win 11 Home),Infinix,43990,52.0,Intel,Core i7,12.0,10.0,12.0,16.0,LPDDR4X,512,0,14.0,1920x1080,2073600.0,False,Integrated,0,False,Windows 11,1
603,Lenovo IdeaPad Slim 5i 82XD0040IN Laptop (13th Gen Core i7/ 16GB/ 512GB SSD/ Win11),Lenovo,85190,56.0,Intel,Core i7,13.0,10.0,16.0,16.0,LPDDR5,512,0,14.0,1920x1200,2304000.0,False,Integrated,0,False,Windows 11,1
604,Lenovo IdeaPad Slim 5 16IRL8 82XF003JIN Laptop (13th Gen Core i7/ 16GB/ 512GB SSD/ Win11),Lenovo,84190,59.0,Intel,Core i7,13.0,14.0,20.0,16.0,LPDDR5,512,0,16.0,1920x1080,2073600.0,False,Iris Xe Graphics,0,False,Windows 11,1
605,Lenovo V15 82KB00RJIH Laptop (11th Gen Core i5/ 16GB/ 512GB SSD/ Win11 Home),Lenovo,48990,61.0,Intel,Core i5,11.0,4.0,8.0,16.0,DDR4,512,0,15.6,1920x1080,2073600.0,False,Integrated,0,False,Windows 11,1
606,Dell Inspiron 3520 Laptop (11th Gen Core i3/ 8GB/ 512GB SSD/ Win11),Dell,36500,54.0,Intel,Core i3,11.0,2.0,4.0,8.0,DDR4,512,0,15.6,1920x1080,2073600.0,False,UHD Graphics,0,False,Windows 11,1
607,Dell Inspiron 3530 2023 Laptop (13th Gen Core i3/ 8GB/ 1TB SSD/ Win11 Home),Dell,51000,52.0,Intel,Core i3,13.0,5.0,6.0,8.0,DDR4,1024,0,15.6,1920x1080,2073600.0,False,Integrated,0,False,Windows 11,1
608,Dell Inspiron 7430 2 in 1 Touch Laptop (13th Gen Core i5/ 16GB/ 1TB SSD/ Win11),Dell,82990,59.0,Intel,Core i5,13.0,10.0,12.0,16.0,LPDDR5,1024,0,14.0,1920x1200,2304000.0,True,Iris Xe Graphics,0,False,Windows 11,1
609,Dell Vostro 3430 Laptop (13th Gen Core i3/ 8GB/ 512GB SSD/ Win11),Dell,38490,52.0,Intel,Core i3,13.0,5.0,6.0,8.0,DDR4,512,0,14.0,1920x1080,2073600.0,False,UHD Graphics,0,False,Windows 11,1
610,Dell Inspiron 13 5330 Laptop (13th Gen Core i7/ 16GB/ 1TB SSD/ Win11),Dell,105999,62.0,Intel,Core i7,13.0,12.0,16.0,16.0,LPDDR5,1024,0,13.3,2560x1600,4096000.0,False,Iris Xe Graphics,0,False,Windows 11,1
611,Dell Inspiron 7430 2023 2 in 1 Laptop (13th Gen Core i5/ 8GB/ 1TB SSD/ Win11),Dell,69990,56.0,Intel,Core i5,13.0,10.0,12.0,8.0,LPDDR5,1024,0,14.0,1920x1200,2304000.0,True,Iris Xe Graphics,0,False,Windows 11,1
612,Dell Vostro 3430 VN3430RHXFG001ORB1 Laptop (13th Gen Core i5/ 8GB/ 512GB SSD/ Win11 Pro),Dell,56990,59.0,Intel,Core i5,13.0,10.0,12.0,8.0,DDR4,512,0,14.0,1920x1080,2073600.0,False,Iris Xe Graphics,0,False,Windows 11,1
613,Dell Inspiron 3535 2023 Laptop (AMD Ryzen R5-7520U/ 8GB/ 1TB SSD/ Win11),Dell,44990,52.0,AMD,Ryzen 5,7.0,4.0,8.0,8.0,LPDDR5,1024,0,15.6,1920x1080,2073600.0,False,Radeon Graphics,0,False,Windows 11,1
614,Dell Inspiron 5330 2023 Laptop (13th Gen Core i5/ 16GB/ 1TB SSD/ Win11),Dell,87490,60.0,Intel,Core i5,13.0,12.0,16.0,16.0,LPDDR5,1024,0,13.3,2560x1600,4096000.0,False,Iris Xe Graphics,0,False,Windows 11,1
615,HP Victus 15-FB0142AX Gaming Laptop (AMD Ryzen 5 5600H/ 16GB/ 512GB SSD/ Win11/ 4GB Graph),HP,68999,68.0,AMD,Ryzen 5,5.0,6.0,12.0,16.0,DDR4,512,0,15.6,1920x1080,2073600.0,False,RTX 3050,4,True,Windows 11,1
616,HP Pavilion 15-eg3017TU Laptop (13th Gen Core i5/ 16GB/ 1TB SSD/ Win11 Home),HP,70490,59.0,Intel,Core i5,13.0,10.0,12.0,16.0,DDR4,1024,0,15.6,1920x1080,2073600.0,False,Iris Xe Graphics,0,False,Windows 11,1
617,MSI Katana 17 B12VFK-673IN Gaming Laptop (12th Gen Core i7/ 16GB/ 1TB SSD/ Win11 Home/ 8GB Graph),MSI,110990,74.0,Intel,Core i7,12.0,10.0,16.0,16.0,DDR5,1024,0,17.3,1920x1080,2073600.0,False,RTX 4060,8,True,Windows 11,2
618,MSI Thin GF63 11UCX-1496IN Gaming Laptop (11th Gen Core i5/ 16GB/ 512GB SSD/ Win11 Home/ 4GB Graph),MSI,50990,66.0,Intel,Core i5,11.0,6.0,12.0,16.0,DDR4,512,0,15.6,1920x1080,2073600.0,False,RTX 2050,4,True,Windows 11,2
619,MSI Katana 17 B12VFK-668IN Gaming Laptop (12th Gen Core i7/ 8GB/ 1TB SSD/ Win11 Home/ 8GB Graph),MSI,107990,72.0,Intel,Core i7,12.0,10.0,16.0,8.0,DDR5,1024,0,17.3,1920x1080,2073600.0,False,RTX 4060,8,True,Windows 11,2
620,MSI Thin GF63 11SC-1493IN Gaming Laptop (11th Gen Core i5/ 16GB/ 512GB SSD/ Win11 Home/ 4GB Graph),MSI,45990,64.0,Intel,Core i5,11.0,6.0,12.0,16.0,DDR4,512,0,15.6,1920x1080,2073600.0,False,GTX 1650,4,True,Windows 11,2
621,MSI Thin GF63 12VF-663IN Gaming Laptop (12th Gen Core i7/ 16GB/ 512GB SSD/ Win11/ 8GB Graph),MSI,97990,73.0,Intel,Core i7,12.0,10.0,16.0,16.0,DDR4,512,0,15.6,1920x1080,2073600.0,False,RTX 4060,8,True,Windows 11,2
622,MSI Thin GF63 11UCX-1497IN Gaming Laptop (11th Gen Core i5/ 8GB/ 512GB SSD/ Win11 Home/ 4GB Graph),MSI,47990,64.0,Intel,Core i5,11.0,6.0,12.0,8.0,DDR4,512,0,15.6,1920x1080,2073600.0,False,RTX 2050,4,True,Windows 11,2
623,MSI Thin GF63 12VE-664IN Gaming Laptop (12th Gen Core i7/ 16GB/ 1TB SSD/ Win11/ 6GB Graph),MSI,90990,72.0,Intel,Core i7,12.0,10.0,16.0,16.0,DDR4,1024,0,15.6,1920x1080,2073600.0,False,RTX 4050,6,True,Windows 11,1
624,MSI Pulse 17 B13VGK-652IN Gaming Laptop (13th Gen Core i9/ 16GB/ 1TB SSD/ Win11 Home/ 8GB Graph),MSI,183990,79.0,Intel,Core i9,13.0,14.0,20.0,16.0,DDR5,1024,0,17.3,1920x1080,2073600.0,False,RTX 4070,8,True,Windows 11,2
625,MSI Katana 17 B12VGK-672IN Gaming Laptop (12th Gen Core i7/ 16GB/ 1TB SSD/ Win11 Home/ 8GB Graph),MSI,134990,75.0,Intel,Core i7,12.0,10.0,16.0,16.0,DDR5,1024,0,17.3,1920x1080,2073600.0,False,RTX 4070,8,True,Windows 11,2
626,MSI Pulse 17 B13VGK-666IN Gaming Laptop (13th Gen Core i7/ 8GB/ 1TB SSD/ Win11 Home/ 8GB Graph),MSI,128990,71.0,Intel,Core i7,13.0,14.0,20.0,8.0,DDR5,1024,0,17.3,2560x1440,3686400.0,False,RTX 4060,8,True,Windows 11,2
627,HP Victus 16-s0089AX Gaming Laptop (AMD Ryzen 7 7840HS/ 16GB/ 1TB SSD/ Win11/ 4GB Graph),HP,81990,72.0,AMD,Ryzen 7,7.0,8.0,16.0,16.0,DDR5,1024,0,16.1,1920x1080,2073600.0,False,RTX 3050,4,True,Windows 11,1
628,HP Omen 16-u0023TX Gaming Laptop (13th Gen Core i9/ 32GB/ 1TB SSD/ Win11 Home/ 8GB Graph),HP,237990,,Intel,Core i9,13.0,24.0,32.0,32.0,DDR5,1024,0,16.1,2560x1600,4096000.0,False,RTX 4070,8,True,Windows 11,1
629,HP Victus 15-fa1064TX Gaming Laptop (13th Gen Core i7/ 16GB/ 512GB SSD/ Win11 Home/ 6GB Graph),HP,109490,68.0,Intel,Core i7,13.0,14.0,20.0,16.0,DDR4,512,0,15.6,1920x1080,2073600.0,False,RTX 4050,6,True,Windows 11,1
630,HP Victus  15-fa1060TX  Gaming Laptop (13th Gen Core i5/ 16GB/ 512GB SSD/ Win11 Home/ 6GB Graph),HP,99990,66.0,Intel,Core i5,13.0,12.0,16.0,16.0,DDR4,512,0,15.6,1920x1080,2073600.0,False,RTX 4050,6,True,Windows 11,1
631,HP Victus 15-fb0153AX Gaming Laptop (AMD Ryzen 5 5600H/ 8GB/ 512GB SSD/ Win11/ 4GB Graph),HP,50990,64.0,AMD,Ryzen 5,5.0,6.0,12.0,8.0,DDR4,512,0,15.6,1920x1080,2073600.0,False,Radeon RX 6500M,4,True,Windows 11,1
632,Lenovo IdeaPad Slim 5 82XE004RIN Laptop (AMD Ryzen 5 7530U/ 16GB/ 512GB SSD/ Win11),Lenovo,56190,61.0,AMD,Ryzen 5,7.0,6.0,12.0,16.0,DDR4,512,0,14.0,1920x1200,2304000.0,False,Integrated,0,False,Windows 11,1
633,Asus VivoBook 14 2023 X1404ZA-NK321WS Laptop (12th Gen Core i3/ 8GB/ 512GB SSD/ Win11 Home),Asus,35990,54.0,Intel,Core i3,12.0,6.0,8.0,8.0,DDR4,512,0,14.0,1920x1080,2073600.0,False,UHD Graphics,0,False,Windows 11,1
634,Asus Vivobook 15 X1504ZA-NJ325WS Laptop (12th Gen Core i3/ 8GB/ 512GB SSD/ Win11),Asus,35990,52.0,Intel,Core i3,12.0,6.0,8.0,8.0,DDR4,512,0,15.6,1920x1080,2073600.0,False,UHD Graphics,0,False,Windows 11,1
635,HP Dragonfly G4 Laptop (13th Gen Core i7/ 16GB/ 512GB SSD/ Win11),HP,231746,69.0,Intel,Core i7,13.0,10.0,12.0,16.0,LPDDR5,512,0,13.5,1920x1280,2457600.0,True,Iris Xe Graphics,0,False,Windows 11,1
636,Chuwi CoreBook X Pro Laptop (10th Gen Core i5/ 16GB/ 512GB SSD/ Win11),Chuwi,32999,50.0,Intel,Core i5,10.0,4.0,8.0,16.0,LPDDR4,512,0,15.6,1920x1080,2073600.0,False,UHD Graphics,0,False,Windows 11,1
637,HP Envy x360 13-bf0141tu Laptop (12th Gen Core i7/ 16GB/ 512GB SSD/ Win11),HP,101990,63.0,Intel,Core i7,12.0,10.0,12.0,16.0,LPDDR4X,512,0,13.3,2880x1800,5184000.0,True,Integrated,0,False,Windows 11,1
638,Lenovo IdeaPad Slim 3 82XQ008VIN Laptop (AMD Ryzen 5 7520U/ 16GB/ 512GB SSD/ Win11),Lenovo,43990,55.0,AMD,Ryzen 5,7.0,4.0,8.0,16.0,LPDDR5,512,0,15.6,1920x1080,2073600.0,False,Integrated,0,False,Windows 11,1
639,HP Omen 16-wd0770TX Gaming Laptop (13th Gen Core i5/ 16GB/ 512GB SSD/ Win11 Home/ 6GB Graph),HP,90990,68.0,Intel,Core i5,13.0,8.0,12.0,16.0,DDR5,512,0,16.1,1920x1080,2073600.0,False,RTX 4050,6,True,Windows 11,1
640,Lenovo IdeaPad Slim 5i 82XF003CIN Laptop (13th Gen Core i5/ 16GB/ 512GB SSD/ Win11),Lenovo,69000,56.0,Intel,Core i5,13.0,12.0,16.0,16.0,LPDDR5,512,0,16.0,1920x1200,2304000.0,False,Iris Xe Graphics,0,False,Windows 11,1
641,Asus Vivobook 16X 2023 K3605ZC-MBN741WS Laptop (12th Gen Core i7/ 16GB/ 512GB SSD/ Win11 Home/ 4GB Graph),Asus,77990,68.0,Intel,Core i7,12.0,10.0,16.0,16.0,DDR4,512,0,16.0,1920x1200,2304000.0,False,RTX 3050,4,True,Windows 11,1
642,Acer Predator 16 NH.QLUSI.005 Laptop (13th Gen Core i9/ 16GB/ 1TB SSD/ Win11/ 8GB Graph),Acer,159990,74.0,Intel,Core i9,13.0,24.0,32.0,16.0,DDR5,1024,0,16.0,2560x1600,4096000.0,False,RTX 4060,8,True,Windows 11,1
643,Asus Vivobook Pro 15 M6500QFB-LK541WS Laptop (AMD Ryzen 5 5600H/ 16GB/ 512GB SSD/ Win11/ 4GB Graph),Asus,59990,62.0,AMD,Ryzen 5,5.0,6.0,12.0,16.0,DDR4,512,0,15.6,1920x1080,2073600.0,False,RTX 2050,4,True,Windows 11,1
644,Dell Inspiron 3520 IN3520KTMFJ001ORS1 Laptop (11th Gen Core i3/ 8GB/ 512GB SSD/ Win11),Dell,35490,54.0,Intel,Core i3,11.0,2.0,4.0,8.0,DDR4,512,0,15.6,1920x1080,2073600.0,False,UHD Graphics,0,False,Windows 11,1
645,HP Victus 15-fb0134AX Gaming Laptop (AMD Ryzen 5 5600H/ 16GB/ 512GB SSD/ Win11/ 4GB Graph),HP,54559,65.0,AMD,Ryzen 5,5.0,6.0,12.0,16.0,DDR4,512,0,15.6,1920x1080,2073600.0,False,Radeon RX 6500M,4,True,Windows 11,1
646,Asus Vivobook Pro 15 M6500QFB-LK742WS Laptop (Ryzen 7 5800H/ 16GB/ 512GB SSD/ Win11/ 4GB Graph),Asus,66990,68.0,AMD,Ryzen 7,5.0,8.0,16.0,16.0,DDR4,512,0,15.6,1920x1080,2073600.0,False,RTX 2050,4,True,Windows 11,1
647,MSI Prestige 16 A13UCX-250IN Laptop (13th Gen Core i7/ 16GB/ 1TB SSD/ Win11/ 4GB Graphic),MSI,119990,69.0,Intel,Core i7,13.0,14.0,20.0,16.0,LPDDR5,1024,0,16.0,2560x1600,4096000.0,False,RTX 2050,4,True,Windows 11,2
648,HP Victus 15-fa0188TX Gaming Laptop (12th Gen Core i7/ 16GB/ 512GB SSD/ Win11/ 4GB Graph),HP,79990,70.0,Intel,Core i7,12.0,10.0,16.0,16.0,DDR4,512,0,15.6,1920x1080,2073600.0,False,RTX 3050,4,True,Windows 11,1
649,Lenovo IdeaPad Slim 5 82XD003PIN Laptop (13th Gen Core i5/ 16GB/ 512GB SSD/ Win11),Lenovo,67990,56.0,Intel,Core i5,13.0,8.0,12.0,16.0,LPDDR5,512,0,14.0,1920x1200,2304000.0,False,Iris Xe Graphics,0,False,Windows 11,2
650,Lenovo LOQ 15IRH8 82XV00F7IN 2023 Gaming Laptop (12th Gen Core i5/ 16GB/ 512GB SSD/ Win11/ 8GB Graph),Lenovo,90990,68.0,Intel,Core i5,12.0,8.0,12.0,16.0,DDR5,512,0,15.6,1920x1080,2073600.0,False,RTX 4060,8,True,Windows 11,1
651,HP Pavilion x360 14-ek1074TU Laptop (13th Gen Core i5/ 16GB/ 512GB SSD/ Win11),HP,71990,63.0,Intel,Core i5,13.0,10.0,12.0,16.0,DDR4,512,0,14.0,1920x1080,2073600.0,True,Integrated,0,False,Windows 11,1
652,Lenovo LOQ 15IRH8 82XV00F6IN 2023 Gaming Laptop (12th Gen Core i5/ 16GB/ 512GB SSD/ Win11/ 6GB Graph),Lenovo,85990,66.0,Intel,Core i5,12.0,8.0,12.0,16.0,DDR5,512,0,15.6,1920x1080,2073600.0,False,RTX 4050,6,True,Windows 11,1
653,Lenovo LOQ 15IRH8 82XV00F5IN 2023 Gaming Laptop (12th Gen Core i5/ 16GB/ 512GB SSD/ Win11/ 6GB Graph),Lenovo,79990,66.0,Intel,Core i5,12.0,8.0,12.0,16.0,DDR5,512,0,15.6,1920x1080,2073600.0,False,RTX 3050,6,True,Windows 11,1
654,HP 15s-fr2515TU Laptop (11th Gen Core i3/ 8GB/ 512GB SSD/ Win11),HP,36790,55.0,Intel,Core i3,11.0,2.0,4.0,8.0,DDR4,512,0,15.6,1920x1080,2073600.0,False,UHD Graphics,0,False,Windows 11,1
655,Lenovo LOQ 15APH8 82XT004JIN 2023 Gaming Laptop (AMD Ryzen 7 7840HS/ 16GB/ 512GB SSD/ Win11/ 6GB Graph),Lenovo,92990,70.0,AMD,Ryzen 7,7.0,8.0,16.0,16.0,DDR5,512,0,15.6,1920x1080,2073600.0,False,RTX 4050,6,True,Windows 11,1
656,MSI Vector GP68HX 13VH-072IN Gaming Laptop (13th Gen Core i9/ 32GB/ 1TB SSD/ Win11/ 12GB Graph),MSI,284990,,Intel,Core i9,13.0,24.0,32.0,32.0,DDR5,1024,0,16.0,2560x1600,4096000.0,False,RTX 4080,12,True,Windows 11,2
657,Asus Vivobook 15 X1502ZA-EJ545WS Laptop (12th Gen Core i5/ 16GB/ 512GB SSD/ Win11),Asus,51990,59.0,Intel,Core i5,12.0,10.0,12.0,16.0,DDR4,512,0,15.6,1920x1080,2073600.0,False,Integrated,0,False,Windows 11,1
658,Lenovo LOQ 15IRH8 82XV00BQIN 2023 Gaming Laptop (13th Gen Core i7/ 16GB/ 512GB SSD/ Win11/ 6GB Graph),Lenovo,100190,63.0,Intel,Core i7,13.0,10.0,16.0,16.0,DDR5,512,0,15.6,1920x1080,2073600.0,False,RTX 4050,6,True,Windows 11,1
659,Lenovo LOQ 15APH8 82XT009CIN 2023 Gaming Laptop (AMD Ryzen 7 7840HS/ 16GB/ 512GB SSD/ Win11/ 8GB Graph),Lenovo,116990,71.0,AMD,Ryzen 7,7.0,8.0,16.0,16.0,DDR5,512,0,15.6,1920x1080,2073600.0,False,RTX 4060,8,True,Windows 11,1
660,HP Omen 16-wf0111TX Gaming Laptop (13th Gen Core i7/ 16GB/ 1TB SSD/ Win11 Home/ 8GB Graph),HP,126499,73.0,Intel,Core i7,13.0,16.0,24.0,16.0,DDR5,1024,0,16.1,1920x1080,2073600.0,False,RTX 4060,8,True,Windows 11,1
661,MSI Vector GP78HX 13VI-409IN Gaming Laptop (13th Gen Core i9/ 32GB/ 2TB SSD/ Win11 Home/ 16GB Graph),MSI,344990,,Intel,Core i9,13.0,24.0,32.0,32.0,DDR5,2048,0,17.0,2560x1600,4096000.0,False,RTX 4090,16,True,Windows 11,2
662,HP Omen 16-xf0059AX Gaming Laptop (AMD Ryzen 7 7840HS/ 16GB/ 512GB SSD/ Win11/ 8GB Graph),HP,113090,71.0,AMD,Ryzen 7,7.0,8.0,16.0,16.0,DDR5,512,0,16.0,1920x1080,2073600.0,False,RTX 4060,8,True,Windows 11,1
663,HP Omen 16-wf0055TX Gaming Laptop (13th Gen Core i7/ 16GB/ 512GB SSD/ Win11 Home/ 8GB Graph),HP,132490,72.0,Intel,Core i7,13.0,16.0,24.0,16.0,DDR5,512,0,16.1,1920x1080,2073600.0,False,RTX 4060,8,True,Windows 11,1
664,Infinix INBook X2 Plus Laptop (11th Gen Core i7/ 16GB/ 1TB SSD/ Win 11 Home),Infinix,49990,55.0,Intel,Core i7,11.0,4.0,8.0,16.0,LPDDR4X,1024,0,15.6,1920x1080,2073600.0,False,Integrated,0,False,Windows 11,1
665,HP 240 G8 689U2PA Business Laptop (11th Gen Core i3/ 8GB/ 512 GB SSD/ Win11),HP,48981,56.0,Intel,Core i3,11.0,2.0,4.0,8.0,DDR4,512,0,14.0,1366x768,1049088.0,False,Iris Xe Graphics,0,False,Windows 11,1
666,Acer Nitro 5 AN515-58 NH.QFHSI.008 Gaming Laptop (12th Gen Core i5/ 8GB/ 512GB SSD/ Win11/ 4GB Graph),Acer,65990,61.0,Intel,Core i5,12.0,8.0,12.0,8.0,DDR4,512,0,15.6,1920x1080,2073600.0,False,RTX 3050,4,True,Windows 11,1
667,Lenovo LOQ 2023 Gaming Laptop  (13th Gen Core i5/ 8GB/ 512GB SSD/ Win11/ 8GB Graph),Lenovo,89999,60.0,Intel,Core i5,13.0,8.0,12.0,8.0,DDR5,512,0,15.6,1920x1080,2073600.0,False,RTX 4060,8,True,Windows 11,1
668,Acer Aspire Lite AL15-51 2023 Laptop (AMD Ryzen 5 5500U/ 8GB/ 512GB SSD/ Win11),Acer,34849,55.0,AMD,Ryzen 5,5.0,6.0,12.0,8.0,DDR4,512,0,15.6,1920x1080,2073600.0,False,Integrated,0,False,Windows 11,1
669,Dell XPS 15 9530 Laptop (13th Gen Core i7/ 16GB/ 1TB SSD/ Win11/ 6GB Graph),Dell,229990,,Intel,Core i7,13.0,14.0,20.0,16.0,DDR5,1024,0,15.6,3456x2160,7464960.0,True,RTX 4050,6,True,Windows 11,1
671,Dell Inspiron 5330 Laptop (13th Gen Core i7/ 16GB/ 512GB SSD/ Win11),Dell,89490,61.0,Intel,Core i7,13.0,12.0,16.0,16.0,LPDDR5,512,0,13.3,2560x1600,4096000.0,False,Iris Xe Graphics,0,False,Windows 11,1
672,Dell Inspiron 5330 Laptop (13th Gen Core i5/ 16GB/ 512GB SSD/ Win11),Dell,77490,59.0,Intel,Core i5,13.0,12.0,16.0,16.0,LPDDR5,512,0,13.3,2560x1600,4096000.0,False,Iris Xe Graphics,0,False,Windows 11,1
673,Dell Inspiron 5518 D560667WIN9S Laptop (11th Gen Core i5/ 16GB/ 512GB SSD/ Win11 Home/ 2GB Graph),Dell,64799,61.0,Intel,Core i5,11.0,4.0,8.0,16.0,DDR4,512,0,15.6,1920x1080,2073600.0,False,Integrated,2,True,Windows 11,1
674,Asus Vivobook 15 X1504ZA-NJ321WS Laptop (12th Gen Core i3/ 8GB/ 512GB SSD/ Win11),Asus,35890,52.0,Intel,Core i3,12.0,6.0,8.0,8.0,DDR4,512,0,15.6,1920x1080,2073600.0,False,UHD Graphics,0,False,Windows 11,1
675,Acer Nitro 5 AN515-58 NH.QFHSI.007 Gaming Laptop (12th Gen Core i7/ 16GB/ 512GB SSD/ Win11/ 4GB Graph),Acer,86990,68.0,Intel,Core i7,12.0,14.0,20.0,16.0,DDR4,512,0,15.6,1920x1080,2073600.0,False,RTX 3050,4,True,Windows 11,1
676,Lenovo Legion Y9000X 2023 Laptop (13th Gen Core i9/ 32GB/ 1TB SSD/ Win11/ 8GB Graph),Lenovo,148990,78.0,Intel,Core i9,13.0,14.0,20.0,32.0,DDR5,1024,0,16.0,3200x2000,6400000.0,False,RTX 4060,8,True,Windows 11,1
678,HP Omen 16-u0005TX Gaming Laptop (13th Gen Core i7/ 16GB/ 1TB SSD/ Win11 Home/ 8GB Graph),HP,199990,77.0,Intel,Core i7,13.0,16.0,24.0,16.0,DDR5,1024,0,16.1,2560x1600,4096000.0,False,RTX 4070,8,True,Windows 11,1
679,Lenovo IdeaPad Slim 5i 82XF003DIN Laptop (13th Gen Core i7/ 16GB/ 512GB SSD/ Win11),Lenovo,90000,60.0,Intel,Core i7,13.0,14.0,20.0,16.0,LPDDR5,512,0,16.0,1920x1200,2304000.0,False,Iris Xe Graphics,0,False,Windows 11,2
681,Dell Inspiron 5425 Laptop (AMD Ryzen 75825U/ 16GB/ 512GB SSD/ Win11) 84 votes,Dell,56490,61.0,AMD,Ryzen 7,5.0,8.0,16.0,16.0,DDR4,512,0,14.0,1920x1080,2073600.0,False,Integrated,0,False,Windows 11,1
682,Dell Alienware X16 R1 2023 Gaming Laptop (13th Gen Core i9/ 32GB/ 1TB SSD/ Win 11/ 12GB Graph),Dell,323990,,Intel,Core i9,13.0,24.0,32.0,32.0,DDR5,1024,0,16.0,3200x1800,5760000.0,False,RTX 4080,12,True,Windows 11,1
683,Dell Alienware X16 Gaming Laptop (13th Gen Core i9/ 32GB/ 2TB SSD/ Win 11/ 16GB Graph),Dell,453990,,Intel,Core i9,13.0,14.0,20.0,32.0,LPDDR5,2048,0,16.0,3200x1800,5760000.0,False,RTX 4090,16,True,Windows 11,1
684,MSI Prestige 14H B12UCX-412IN Laptop (12th Gen Core i5/ 16GB/ 512GB SSD/Win11 Home/ 4GB Graphic),MSI,79990,66.0,Intel,Core i5,12.0,12.0,16.0,16.0,LPDDR5,512,0,14.0,1920x1200,2304000.0,False,RTX 2050,4,True,Windows 11,2
685,MSI Modern 15 B12M-613IN Laptop (12th Gen Core i3/ 8GB/ 512GB SSD/ Win11 Home),MSI,34490,53.0,Intel,Core i3,12.0,6.0,8.0,8.0,DDR4,512,0,15.6,1920x1080,2073600.0,False,Integrated,0,False,Windows 11,1
686,MSI Modern 15 B11M-063IN Laptop (11th Gen Core i3/ 8GB/ 512GB SSD/ Win11 Home),MSI,34990,54.0,Intel,Core i3,11.0,2.0,4.0,8.0,DDR4,512,0,15.6,1920x1080,2073600.0,False,Integrated,0,False,Windows 11,1
687,Dell Alienware m16 2023 Gaming Laptop (AMD Ryzen 7 7745HX/ 16GB/ 1TB SSD/ Win 11/ 8GB Graph),Dell,199290,,AMD,Ryzen 7,7.0,8.0,16.0,16.0,DDR5,1024,0,16.0,1920x1200,2304000.0,False,m1,8,True,Windows 11,1
688,Dell Alienware M18 R1 2023 Gaming Laptop (13th Gen Core i9/ 64GB/ 1TB SSD/ Win 11/ 16GB Graph),Dell,450990,,Intel,Core i9,13.0,24.0,32.0,64.0,LPDDR5,1024,0,18.0,3200x1800,5760000.0,False,M1,16,True,Windows 11,1
689,Lenovo Yoga 6 83B2005TIN Laptop (AMD Ryzen 5 7530U/ 16GB/ 512GB SSD/ Win11 Home),Lenovo,74190,64.0,AMD,Ryzen 5,7.0,6.0,12.0,16.0,DDR4,512,0,13.3,1920x1200,2304000.0,True,Integrated,0,False,Windows 11,3
690,HP 15s-fy5005TU Laptop (12th Gen Core i3/ 8GB/ 1TB SSD/ Win11 Home),HP,40999,51.0,Intel,Core i3,12.0,6.0,8.0,8.0,DDR4,1024,0,15.6,1920x1080,2073600.0,False,Integrated,0,False,Windows 11,1
691,LG Gram 14 2023 ‎‎14Z90R-G.CH54A2 Laptop (13th Gen Core i5/ 16GB/ 512GB SSD/ Win11),LG,89990,63.0,Intel,Core i5,13.0,12.0,16.0,16.0,LPDDR5,512,0,14.0,1200x1920,2304000.0,False,Iris Xe Graphics,0,False,Windows 11,1
692,Asus ROG Zephyrus G16 2023 GU603ZU-N3023WS Laptop (12th Gen Core i7/ 16GB/ 1TB SSD/ Win11 Home/ 6GB Graph),Asus,114990,77.0,Intel,Core i7,12.0,14.0,20.0,16.0,DDR4,1024,0,16.0,2560x1600,4096000.0,False,RTX 4050,6,True,Windows 11,1
693,Acer Aspire 5 A515-58M Gaming Laptop (13th Gen Core i5/ 8GB/ 512GB SSD/ Win11 Home/ 4GB Graphic),Acer,54990,53.0,Intel,Core i5,13.0,10.0,12.0,8.0,LPDDR5,512,0,15.6,1920x1080,2073600.0,False,RTX2050,4,True,Windows 11,1
694,Dell Alienware m16 Gaming Laptop (AMD Ryzen 9 7845HX/ 32GB/ 2TB SSD/ Win 11/ 12GB Graph),Dell,303290,,AMD,Ryzen 9,7.0,12.0,24.0,32.0,DDR5,2048,0,16.0,1920x1200,2304000.0,False,m1,12,True,Windows 11,1
695,Acer Nitro 16 ‎AN16-41 Gaming Laptop (AMD Ryzen 7 7840HS/ 16GB/ 512GB SSD/ Win11 Home/ 8GB Graph),Acer,129990,77.0,AMD,Ryzen 7,7.0,8.0,16.0,16.0,DDR5,512,0,16.0,1920x1200,2304000.0,False,RTX 4060,8,True,Windows 11,1
696,Asus TUF Gaming F17 FX707ZC4-HX067W Gaming Laptop (12th Gen Core i5/ 16GB/ 512GB SSD/ Win11/ 4GB Graph),Asus,73990,70.0,Intel,Core i5,12.0,12.0,16.0,16.0,DDR5,512,0,17.3,1920x1080,2073600.0,False,RTX 3050,4,True,Windows 11,1
697,HP 15s-fy5004TU Laptop (12th Gen Core i3/ 16GB/ 512GB SSD/ Win11 Home),HP,40300,52.0,Intel,Core i3,12.0,6.0,8.0,16.0,DDR4,512,0,15.6,1920x1080,2073600.0,False,Integrated,0,False,Windows 11,1
698,Asus Vivobook 16X 2023 K3605ZF-MBN741WS Laptop (12th Gen Core i7/ 16GB/ 512GB SSD/ Win11 Home/ 4GB Graph),Asus,88990,70.0,Intel,Core i7,12.0,10.0,16.0,16.0,DDR4,512,0,16.0,1920x1200,2304000.0,False,RTX 2050,4,True,Windows 11,1
699,Lenovo IdeaPad Slim 3 82XQ008GIN Laptop (AMD Ryzen 5 7520U/ 8GB/ 512GB SSD/ Win11),Lenovo,41790,53.0,AMD,Ryzen 5,7.0,4.0,8.0,8.0,LPDDR5,512,0,15.6,1920x1080,2073600.0,False,Integrated,0,False,Windows 11,1
700,Asus Vivobook 14X K3405ZFB-KM752WS Laptop (12th Gen Core i7 /16GB/ 1TB SSD/Win11/ 4GB Graphic),Asus,79990,70.0,Intel,Core i7,12.0,10.0,16.0,16.0,DDR4,1024,0,14.0,2880x1800,5184000.0,False,RTX 2050,4,True,Windows 11,1
701,Lenovo IdeaPad Flex 5 82XX007KIN Laptop (AMD Ryzen 5 7530U/ 16GB/ 512GB SSD/ Win11 Home),Lenovo,65990,65.0,AMD,Ryzen 5,7.0,6.0,12.0,16.0,LPDDR4X,512,0,14.0,1920x1200,2304000.0,True,Integrated,0,False,Windows 11,1
702,Asus Vivobook Pro 15 M6500QC-LK542WS Laptop (AMD R5 5600H/ 16GB/ 512GB SSD/ Win11/ 4GB Graph),Asus,68990,65.0,AMD,Ryzen 5,5.0,6.0,12.0,16.0,DDR4,512,0,15.6,1920x1080,2073600.0,False,RTX 3050,4,True,Windows 11,1
703,Acer Aspire Lite AL15-51 2023 Laptop (11th Gen Core i5/ 16GB/ 512GB SSD/ Win11),Acer,42600,59.0,Intel,Core i5,11.0,4.0,8.0,16.0,DDR4,512,0,15.6,1920x1080,2073600.0,False,Iris Xe Graphics,0,False,Windows 11,1
704,HP ZBook Firefly 16 G9 2023 Laptop (12th Gen Core i5/ 16GB/ 512GB SSD/ Win11),HP,111505,61.0,Intel,Core i5,12.0,10.0,12.0,16.0,DDR5,512,0,16.0,1920x1200,2304000.0,False,Integrated,0,False,Windows 11,1
705,Acer Aspire Lite 2023 AL15-51 Laptop (11th Gen Core i5/ 8GB/ 512GB SSD/ Win11),Acer,41400,56.0,Intel,Core i5,11.0,4.0,8.0,8.0,DDR4,512,0,15.6,1920x1080,2073600.0,False,Iris Xe Graphics,0,False,Windows 11,1
706,Fujitsu UH-X ‎4ZR1L12856 Laptop (13th Gen Core i7/ 16GB/ 512GB SSD/ Win11),Fujitsu,89990,69.0,Intel,Core i7,13.0,12.0,16.0,16.0,LPDDR5,512,0,14.0,1920x1200,2304000.0,False,Iris Xe Graphics,0,False,Windows 11,2
707,Asus Vivobook Pro 15 M6500QC-LK742WS Laptop (Ryzen 7 5800H/ 16GB/ 512GB SSD/ Win11/ 4GB Graph),Asus,73990,69.0,AMD,Ryzen 7,5.0,8.0,16.0,16.0,DDR4,512,0,15.6,1920x1080,2073600.0,False,RTX 3050,4,True,Windows 11,1
708,HP ZBook Firefly 14 G9 2023 Laptop (12th Gen Core i5/ 16GB/ 512GB SSD/ Win11),HP,108352,62.0,Intel,Core i5,12.0,12.0,16.0,16.0,DDR5,512,0,14.0,1920x1200,2304000.0,False,Integrated,0,False,Windows 11,1
709,HP ZBook Firefly 16 G9 2023 Workstation PC Laptop (12th Gen Core i5/ 16GB/ 1TB SSD/ Win11/ 4GB Graphics),HP,126494,66.0,Intel,Core i5,12.0,10.0,12.0,16.0,DDR5,1024,0,16.0,1920x1200,2304000.0,False,Integrated,4,True,Windows 11,1
710,HP ZBook Studio G9 WUXGA 16 Workstation Laptop (12th Gen Core i9/ 32GB/ 1TB SSD/ Win11/ 16GB Graph),HP,373192,,Intel,Core i9,12.0,14.0,20.0,32.0,DDR5,1024,0,16.0,,,False,RTX 3080 Ti,16,True,Windows 11,1
711,HP ZBook Studio G9 16 Workstation WQUXGA Laptop (12th Gen Core i9/ 32GB/ 1TB SSD/ Win11/ 6GB Graph),HP,292347,,Intel,Core i9,12.0,14.0,20.0,32.0,DDR5,1024,0,16.0,3840x2400,9216000.0,False,RTX 3060,6,True,Windows 11,1
712,HP ZBook Firefly 14 G9 WUXGA Laptop (12th Gen Core i5/ 16GB/ 1TB SSD/ Win11 ),HP,111422,62.0,Intel,Core i5,12.0,10.0,12.0,16.0,DDR5,1024,0,14.0,1920x1200,2304000.0,False,Integrated,0,False,Windows 11,1
713,HP ZBook Firefly 14 G9 Laptop (12th Gen Core i5/ 16GB/ 512GB SSD/ Win11 ),HP,96700,60.0,Intel,Core i5,12.0,10.0,12.0,16.0,DDR5,512,0,14.0,1920x1200,2304000.0,False,Integrated,0,False,Windows 11,1
714,HP ZBook Studio G9 WUXGA Workstation Laptop (12th Gen Core i7/ 16GB/ 1TB SSD/ Win11/ 8GB Graph),HP,261921,,Intel,Core i7,12.0,14.0,20.0,16.0,DDR5,1024,0,16.0,1920x1200,2304000.0,False,RTX 3070 Ti,8,True,Windows 11,1
715,HP ZBook Studio G9 2023 Workstation WQUXGA Laptop (12th Gen Core i9/ 32GB/ 1TB SSD/ Win11/ 12GB Graph),HP,390914,,Intel,Core i9,12.0,14.0,20.0,32.0,DDR5,1024,0,16.0,3840x2400,9216000.0,False,RTX 3080 Ti,12,True,Windows 11,1
716,HP 15s-fq3073TU Laptop Intel Pentium Silver N6000/ 8GB/ 512GB SSD/ Win11 Home),HP,30990,,Intel,Pentium,,4.0,4.0,8.0,DDR4,512,0,15.6,1366x768,1049088.0,False,UHD Graphics,0,False,Windows 11,1
717,HP ZBook Studio G9 Workstation WQUXGA Laptop (12th Gen Core i7/ 16GB/ 1TB SSD/ Win11/ 6GB Graph),HP,246815,,Intel,Core i7,12.0,14.0,20.0,16.0,DDR5,1024,0,16.0,3840x2400,9216000.0,False,RTX 3060,6,True,Windows 11,1
718,LG UltraPC 16 ‎16U70R-G.AH56A2 Laptop (AMD Ryzen5-7530U/ 16GB/ 512GB SSD/ Win11),LG,78299,69.0,AMD,Ryzen 5,7.0,6.0,12.0,16.0,DDR4,512,0,16.0,1920x1200,2304000.0,True,Integrated,0,False,Windows 11,1
719,LG Gram 14 2023 ‎14Z90R-G.CH75A2 Laptop (13th Gen Core i7/ 16GB/ 512GB SSD/ Win11),LG,117899,66.0,Intel,Core i7,13.0,12.0,16.0,16.0,LPDDR5,512,0,14.0,1200x1920,2304000.0,False,Iris Xe Graphics,0,False,Windows 11,1
720,HP ZBook Studio G9 Workstation Laptop (12th Gen Core i7/ 16GB/ 1TB SSD/ Win11/ 8GB Graph),HP,278103,,Intel,Core i7,12.0,14.0,20.0,16.0,DDR5,1024,0,16.0,3840x2400,9216000.0,False,RTX 3070 Ti,8,True,Windows 11,1
721,Lenovo IdeaPad 1 82V6005CIN Laptop (Celeron N4020/ 4GB/ 256GB SSD/ Win11 Home),Lenovo,22490,,Intel,Celeron,,2.0,2.0,4.0,DDR4,256,0,11.6,1366x768,1049088.0,False,UHD Graphics,0,False,Windows 11,1
722,Acer Nitro 5 AN515-58 UN.QFHSI.026 Gaming Laptop (12th Gen Core i5/ 16GB/ 512GB SSD/ Win11/ 4GB Graph),Acer,69990,64.0,Intel,Core i5,12.0,8.0,12.0,16.0,DDR4,512,0,15.6,1920x1080,2073600.0,False,RTX 3050,4,True,Windows 11,1
723,Asus Vivobook 16X 2023 K3605ZV-MB741WS Laptop (12th Gen Core i7/ 16GB/ 512GB SSD/ Win11 Home/ 8GB Graph),Asus,99990,71.0,Intel,Core i7,12.0,10.0,16.0,16.0,DDR4,512,0,16.0,1920x1200,2304000.0,False,RTX 4060,8,True,Windows 11,1
724,Asus ROG Zephyrus G14 GA402NJ-L8094WS Gaming Laptop (AMD Ryzen 7 7735HS/ 16GB/ 512GB SSD/ Win11/ 6GB Graph),Asus,89990,66.0,AMD,Ryzen 7,6.0,8.0,16.0,16.0,DDR5,512,0,14.0,2560x1600,4096000.0,False,RTX 3050,6,True,Windows 11,1
725,LG gram360 16 Laptop (13th Gen Core i7/ 16GB/ 1TB SSD/ Win11),LG,152499,73.0,Intel,Core i7,13.0,12.0,16.0,16.0,LPDDR5,1024,0,16.0,1600x2560,4096000.0,True,m3,0,False,Windows 11,1
726,Dell Inspiron 14 5430 2023 Laptop (13th Gen Core i5/ 8GB/ 1TB SSD/ Win11),Dell,61990,56.0,Intel,Core i5,13.0,10.0,12.0,8.0,LPDDR5,1024,0,14.0,1920x1200,2304000.0,False,Iris Xe Graphics,0,False,Windows 11,1
727,HP 255 G8 6E3Z0PA Laptop (Ryzen 3 3250U/ 8GB/512GB SSD/ Dos),HP,23940,,AMD,Ryzen 3,3.0,2.0,4.0,8.0,DDR4,512,0,15.6,1366x768,1049088.0,False,Radeon Graphics,0,False,Dos,1
728,Asus Vivobook 15 2023 X1504VA-NJ544WS Laptop (13th Gen Core i5/ 16GB/ 512GB SSD/ Win11),Asus,58990,60.0,Intel,Core i5,13.0,10.0,12.0,16.0,DDR4,512,0,15.6,1920x1080,2073600.0,False,Iris Xe Graphics,0,False,Windows 11,1
729,Dell Vostro 5630 IN5630P8YRR001ORS1 Laptop (13th Gen Core i5/ 16GB/ 512GB SSD/ Win11),Dell,78980,62.0,Intel,Core i5,13.0,12.0,16.0,16.0,DDR4,512,0,16.0,1920x1080,2073600.0,False,Integrated,0,False,Windows 11,1
730,Dell Inspiron 2023 14 5430 Laptop (13th Gen Core i5/ 16GB/ 1TB SSD/ Win11),Dell,70790,59.0,Intel,Core i5,13.0,10.0,12.0,16.0,LPDDR5,1024,0,14.0,1920x1200,2304000.0,False,Iris Xe Graphics,0,False,Windows 11,1
731,Dell Inspiron 5430 Laptop (13th Gen Core i7/ 16GB/ 1TB SSD/ Win11),Dell,86730,62.0,Intel,Core i7,13.0,12.0,16.0,16.0,LPDDR5,1024,0,14.0,1920x1200,2304000.0,False,Iris Xe Graphics,0,False,Windows 11,1
732,Infinix Zerobook 13 ZL513 2023 Laptop (13th Gen Core i7/ 32GB/ 1TB SSD/ Win 11 Home),Infinix,66990,59.0,Intel,Core i7,13.0,14.0,20.0,32.0,LPDDR5X,1024,0,15.6,1920x1080,2073600.0,False,Integrated,0,False,Windows 11,1
733,Lenovo S14 Gen 3 82TW001CIH Laptop (12th Gen Core i5/ 8GB/ 512GB SSD/ Win11),Lenovo,47450,56.0,Intel,Core i5,12.0,10.0,12.0,8.0,DDR4,512,0,14.0,1920x1080,2073600.0,False,UHD Graphics,0,False,Windows 11,2
734,MSI Katana GF66 12UCOK 2023 Gaming Laptop (12th Gen Core i5/ 16GB/ 512GB SSD/ Win11 Home/ 4GB Graph),MSI,69990,62.0,Intel,Core i5,12.0,8.0,12.0,16.0,DDR5,512,0,15.6,1920x1080,2073600.0,False,RTX 3050,4,True,Windows 11,2
735,Lenovo ThinkPad E14 21JRS00Y00 Laptop (AMD Ryzen 3 7330U/ 8GB/ 512GB SSD/ Win11 Home),Lenovo,42990,56.0,AMD,Ryzen 3,7.0,4.0,8.0,8.0,DDR4,512,0,14.0,1920x1200,2304000.0,False,Radeon Graphics,0,False,Windows 11,1
736,Lenovo IdeaPad Gaming 3 82K101LHIN Laptop (11th Gen Core i5/ 16GB/ 512GB SSD/ Win11 Home/ 4GB Graph),Lenovo,52000,65.0,Intel,Core i5,11.0,4.0,8.0,16.0,DDR4,512,0,15.6,1920x1080,2073600.0,False,GTX 1650,4,True,Windows 11,1
737,MSI Thin GF63 11SC-1477IN Gaming Laptop (11th Gen Core i5/ 8GB/ 512GB SSD/ Win11 Home/ 4GB Graph),MSI,41990,62.0,Intel,Core i5,11.0,6.0,12.0,8.0,DDR4,512,0,15.6,1920x1080,2073600.0,False,GTX 1650,4,True,Windows 11,2
738,Lenovo ThinkBook 15 21JF002CIN Laptop (AMD Ryzen 3 7330U/ 8 GB/ 512 GB SSD/ DOS),Lenovo,31800,56.0,AMD,Ryzen 3,7.0,4.0,8.0,8.0,DDR4,512,0,15.6,1920x1080,2073600.0,False,Integrated,0,False,DOS,1
739,Lenovo ThinkPad T14 Gen 2 20W0S16Q00 Laptop (11th Gen Core i7/ 16GB/ 512GB SSD/ Win11 Pro/ 2GB Graph),Lenovo,96999,64.0,Intel,Core i7,11.0,4.0,8.0,16.0,DDR4,512,0,14.0,1920x1080,2073600.0,False,Integrated,2,True,Windows 11,1
740,Lenovo IdeaPad Gaming 3 15ACH6 82K2022YIN Laptop (AMD Ryzen 5 5600H/ 8GB/ 512GB SSD/ Win11 Home/ 4GB Graph),Lenovo,63990,62.0,AMD,Ryzen 5,5.0,6.0,12.0,8.0,DDR4,512,0,15.6,1920x1080,2073600.0,False,RTX 3050,4,True,Windows 11,1
741,Lenovo ThinkPad E14 21JRS00T00 Laptop (AMD Ryzen 5 7530U/ 8GB/ 512GB SSD/ Win11 Home),Lenovo,69345,60.0,AMD,Ryzen 5,7.0,6.0,12.0,8.0,DDR4,512,0,14.0,1920x1200,2304000.0,False,Radeon Graphics,0,False,Windows 11,1
742,Asus Vivobook 15 2023 X1504VA-NJ543WS Laptop (13th Gen Core i5/ 16GB/ 512GB SSD/ Win11),Asus,58990,60.0,Intel,Core i5,13.0,10.0,12.0,16.0,DDR4,512,0,15.6,1920x1080,2073600.0,False,Iris Xe Graphics,0,False,Windows 11,1
743,Lenovo IdeaPad 1 14IGL7 82V6005EIN Laptop (Celeron Dual Core/ 8GB/ 256GB SSD/ Win11 Home),Lenovo,26490,,Intel,Celeron,4.0,2.0,2.0,8.0,DDR4,256,0,14.0,1366x768,1049088.0,False,Integrated,0,False,Windows 11,1
744,Asus Vivobook 15 OLED 2023 X1505VAU-LK543WS Laptop (13th Gen Core i5/ 16GB/ 512GB SSD/ Win11 Home),Asus,64990,57.0,Intel,Core i5,13.0,10.0,12.0,16.0,DDR4,512,0,15.6,1920x1080,2073600.0,False,Iris Xe Graphics,0,False,Windows 11,1
745,HP Envy x360 15-fh0015AU Laptop (AMD Ryzen 5 7530U/ 16GB/ 512GB SSD/ Win11 Home),HP,78490,62.0,AMD,Ryzen 5,7.0,6.0,12.0,16.0,LPDDR5,512,0,15.6,1920x1080,2073600.0,True,Integrated,0,False,Windows 11,1
746,Lenovo IdeaPad Slim 3 2023 82X70033IN Laptop (13th Gen Core i3/ 8GB/ 512GB SSD/ Win11),Lenovo,43990,53.0,Intel,Core i3,13.0,5.0,6.0,8.0,LPDDR5,512,0,15.6,1920x1080,2073600.0,False,UHD Graphics,0,False,Windows 11,1
747,HP Envy x360 15-fe0027TU Laptop (13th Gen Core i5/ 16GB/ 512GB SSD/ Win11 Home),HP,88490,62.0,Intel,Core i5,13.0,10.0,12.0,16.0,LPDDR5,512,0,15.6,1920x1080,2073600.0,True,Integrated,0,False,Windows 11,1
748,HP Envy x360 15-fe0028TU Laptop (13th Gen Core i5/ 16GB/ 512GB SSD/ Win11 Home),HP,95990,62.0,Intel,Core i5,13.0,10.0,12.0,16.0,LPDDR5,512,0,15.6,1920x1080,2073600.0,True,Integrated,0,False,Windows 11,1
749,HP Envy x360 15-fh0016AU Laptop (AMD Ryzen 5 7530U/ 16GB/ 512GB SSD/ Win11 Home),HP,86490,63.0,AMD,Ryzen 5,7.0,6.0,12.0,16.0,LPDDR5,512,0,15.6,1920x1080,2073600.0,True,Integrated,0,False,Windows 11,1
750,HP Envy x360 15-fh0019AU Laptop (AMD Ryzen 7 7730U/ 16GB/ 512GB SSD/ Win11 Home),HP,85600,66.0,AMD,Ryzen 7,7.0,8.0,16.0,16.0,LPDDR5,512,0,15.6,1920x1080,2073600.0,True,Integrated,0,False,Windows 11,1
751,Acer Aspire Lite AL15-51 Laptop (11th Gen Core i3/ 8GB/ 256GB SSD/ Win11),Acer,30990,54.0,Intel,Core i3,11.0,2.0,4.0,8.0,DDR4,256,0,15.6,1920x1080,2073600.0,False,UHD Graphics,0,False,Windows 11,1
752,HP 14-em0027AU Laptop (AMD Ryzen 5 7520U/ 16GB/ 512GB SSD/ Win11 Home),HP,48990,56.0,AMD,Ryzen 5,7.0,4.0,8.0,16.0,LPDDR5,512,0,14.0,1920x1080,2073600.0,False,Integrated,0,False,Windows 11,1
753,Asus Vivobook 15 X1502ZA-EJ523WS Laptop (12th Gen Core i5/ 8GB/ 512GB SSD/ Win11),Asus,48990,56.0,Intel,Core i5,12.0,12.0,16.0,8.0,DDR4,512,0,15.6,1920x1080,2073600.0,False,Iris Xe Graphics,0,False,Windows 11,1
754,HP Envy x360 15-ew0041TU Laptop (12th Gen Core i5/ 16GB/ 512GB SSD/ Win11),HP,82990,68.0,Intel,Core i5,12.0,10.0,12.0,16.0,DDR4,512,0,15.6,1920x1080,2073600.0,True,Iris Xe Graphics,0,False,Windows 11,1
755,Dell Inspiron 7430 2 in 1 Laptop (13th Gen Core i3/ 8GB/ 1TB SSD/ Win11),Dell,58490,52.0,Intel,Core i3,13.0,6.0,8.0,8.0,LPDDR5,1024,0,14.0,1920x1200,2304000.0,True,UHD Graphics,0,False,Windows 11,1
756,HP 14-em0025AU Laptop (AMD Ryzen  3 7320U/ 8GB/ 512GB SSD/ Win11 Home),HP,36990,53.0,AMD,Ryzen 3,7.0,4.0,8.0,8.0,LPDDR5,512,0,14.0,1920x1080,2073600.0,False,Integrated,0,False,Windows 11,1
757,HP Pavilion Plus ‎14-eh1047TU Laptop (13th Gen Core i7/ 16GB/ 512GB SSD/ Win 11),HP,98990,66.0,Intel,Core i7,13.0,14.0,20.0,16.0,DDR4,512,0,14.0,2880x1800,5184000.0,False,Integrated,0,False,Windows 11,1
758,Asus Vivobook 14X K3405ZFB-KM541WS Laptop (12th Gen Core i5 /16GB/512GB SSD/Win11),Asus,67990,66.0,Intel,Core i5,12.0,8.0,12.0,16.0,DDR4,512,0,14.0,2880x1800,5184000.0,False,RTX 2050,4,True,Windows 11,1
759,Lenovo Thinkbook 15 21DJ00EXIH Laptop (12th Gen Core i5/ 8GB/ 512GB SSD/ Win11 Home),Lenovo,53990,62.0,Intel,Core i5,12.0,10.0,12.0,8.0,DDR4,512,0,15.6,1920x1080,2073600.0,False,Iris Xe Graphics,0,False,Windows 11,1
760,Lenovo Thinkpad E15 21E6S05B00 Laptop (12th Gen Core i5/ 8GB/ 512GB SSD/ Win11 Home),Lenovo,65750,63.0,Intel,Core i5,12.0,10.0,12.0,8.0,DDR4,512,0,15.6,1920x1080,2073600.0,False,UHD Graphics,0,False,Windows 11,1
761,Lenovo ThinkPad E14 21JRS00U00 Laptop (AMD Ryzen 5 7530U/ 16GB/ 512GB SSD/ Win11 Home),Lenovo,51290,61.0,AMD,Ryzen 5,7.0,6.0,12.0,16.0,DDR4,512,0,14.0,1920x1080,2073600.0,False,Radeon Graphics,0,False,Windows 11,1
762,Lenovo IdeaPad Gaming 3 82K2025LIN Laptop (AMD Ryzen 5 5600H/ 16GB/ 512GB SSD/ Win11 Home/ 4GB Graph),Lenovo,72990,64.0,AMD,Ryzen 5,5.0,6.0,12.0,16.0,DDR4,512,0,15.6,1920x1080,2073600.0,False,GTX 1650,4,True,Windows 11,1
763,Acer Aspire Lite AL15-51 UN.431SI.252 Laptop (11th Gen Core i3/ 8GB/ 512GB SSD/ Win11),Acer,32390,55.0,Intel,Core i3,11.0,2.0,4.0,8.0,DDR4,512,0,15.6,1920x1080,2073600.0,False,UHD Graphics,0,False,Windows 11,1
764,MSI Stealth 15 A13VF-074IN Gaming Laptop (13th Gen Core i7/ 16GB/ 1TB SSD/ Win11 Home/ 8GB Graph),MSI,171990,74.0,Intel,Core i7,13.0,10.0,16.0,16.0,DDR5,1024,0,15.6,2560x1440,3686400.0,False,RTX 4060,8,True,Windows 11,2
765,Infinix Zerobook 13 ZL513 Laptop (13th Gen Core i7/ 16GB/ 512GB SSD/ Win 11 Home),Infinix,59990,54.0,Intel,Core i7,13.0,14.0,20.0,16.0,LPDDR5X,512,0,15.6,1920x1080,2073600.0,False,Integrated,0,False,Windows 11,1
766,HP Envy 15-fe0032TU Laptop (13th Gen Core i7/ 16GB/ 1TB SSD/ Win11),HP,117000,65.0,Intel,Core i7,13.0,10.0,12.0,16.0,LPDDR5,1024,0,15.6,1920x1080,2073600.0,True,Integrated,0,False,Windows 11,1
767,Dell Inspiron 3535 Laptop (AMD Ryzen R5-7520U/ 8GB/ 512GB SSD/ Win11),Dell,44890,51.0,AMD,Ryzen 5,7.0,4.0,8.0,8.0,LPDDR5,512,0,15.6,1920x1080,2073600.0,False,Radeon Graphics,0,False,Windows 11,1
768,HP 14-gr0000TU Laptop (13th Gen Core i3/ 8GB/ 512GB SSD/ Win11 Home),HP,45490,50.0,Intel,Core i3,13.0,6.0,8.0,8.0,DDR4,512,0,14.0,1920x1080,2073600.0,False,UHD Graphics,0,False,Windows 11,1
769,HP 15s-ey2001AU Laptop (AMD Ryzen 7 5700U/ 16GB/ 512GB SSD/ Win11 Home),HP,55490,57.0,AMD,Ryzen 7,5.0,8.0,16.0,16.0,DDR4,512,0,15.6,1920x1080,2073600.0,False,Integrated,0,False,Windows 11,1
770,HP 14-hr0001AU Laptop (AMD Ryzen 5 7520U/ 8GB/ 512GB SSD/ Win11 Home),HP,44437,54.0,AMD,Ryzen 5,7.0,4.0,8.0,8.0,LPDDR5,512,0,14.0,1920x1080,2073600.0,False,Integrated,0,False,Windows 11,1
771,Lenovo Ideapad Flex 5i 14IAU7 82R70067IN Laptop (12th Gen Core i3/ 8GB/ 512GB SSD/ Win11 Home),Lenovo,58400,60.0,Intel,Core i3,12.0,6.0,8.0,8.0,LPDDR4,512,0,14.0,1920x1080,2073600.0,True,Integrated,0,False,Windows 11,1
772,HP Envy 15-fe0030TU Laptop (13th Gen Core i7/ 16GB/ 512GB SSD/ Win11),HP,109990,64.0,Intel,Core i7,13.0,10.0,12.0,16.0,LPDDR5,512,0,15.6,1920x1080,2073600.0,True,Integrated,0,False,Windows 11,1
773,‎HP Zbook Power G4-A 2023 ZHAN 99 Laptop (AMD Ryzen 5 6600H/ 16GB/ 1TB 512GB SSD/ Win11/ 4GB Graph),Other,115558,68.0,AMD,Ryzen 5,6.0,6.0,12.0,16.0,DDR5,512,1024,15.6,1920x1080,2073600.0,False,Integrated,0,False,Windows 11,1
774,‎HP Zbook Power G4-A ZHAN 99 2023 Laptop (AMD Ryzen 5 6600H/ 32GB/ 1TB SSD/ Win11/ 4GB Graph),Other,137134,70.0,AMD,Ryzen 5,6.0,6.0,12.0,32.0,DDR5,1024,0,15.6,1920x1080,2073600.0,False,Integrated,0,False,Windows 11,1
775,HP 14-hr0000AU Laptop (AMD Ryzen 5 7520U/ 16GB/ 512GB SSD/ Win11 Home),HP,47990,56.0,AMD,Ryzen 5,7.0,4.0,8.0,16.0,LPDDR5,512,0,14.0,1920x1080,2073600.0,False,Integrated,0,False,Windows 11,1
776,Chuwi CoreBook X Laptop (10th Gen Core i3/ 8GB/ 512GB SSD/ Win11),Chuwi,24990,,Intel,Core i3,10.0,2.0,4.0,8.0,DDR4,512,0,14.0,1920x1200,2304000.0,False,UHD Graphics,0,False,Windows 11,1
777,Asus ROG Zephyrus G14 2023 GA402XU-N2045WS Gaming Laptop (AMD Ryzen 9 7940HS/ 16GB/ 1TB SSD/ Win11/ 6GB Graph),Asus,145999,79.0,AMD,Ryzen 9,7.0,8.0,16.0,16.0,DDR5,1024,0,14.0,2560x1600,4096000.0,False,RTX 4050,6,True,Windows 11,1
778,Asus TUF Gaming F15 FX506HF-HN026W Gaming Laptop (11th Gen Core i5/ 8GB/ 1TB SSD/ Win11/ 4GB Graph),Asus,52990,65.0,Intel,Core i5,11.0,6.0,12.0,8.0,DDR4,1024,0,15.6,1920x1080,2073600.0,False,RTX 2050,4,True,Windows 11,1
779,Dell Inspiron 5430 2023 Laptop (13th Gen Core i7/ 16GB/ 512GB SSD/ Win11),Dell,84899,53.0,Intel,Core i7,13.0,10.0,12.0,16.0,LPDDR5,512,0,14.0,1920x1080,2073600.0,False,Iris Xe Graphics,0,False,Windows 11,1
780,Lenovo ThinkBook 15 G5 21JFA00QIN Laptop (AMD Ryzen 7 7730U/ 8 GB/ 512 GB SSD/ DOS),Lenovo,46400,59.0,AMD,Ryzen 7,7.0,8.0,16.0,8.0,DDR4,512,0,15.6,1920x1080,2073600.0,False,Integrated,0,False,DOS,1
781,Ninkear A16 Gaming Laptop (AMD Ryzen 7 7735HS/ 32 GB RAM/ 2 TB SSD/ Win 11),Other,79999,73.0,AMD,Ryzen 7,7.0,8.0,16.0,32.0,DDR4,2048,0,16.0,2560x1600,4096000.0,False,Integrated,0,False,Windows 11,1
782,Lenovo IdeaPad Gaming 3 82K2022VIN Laptop (AMD Ryzen 5-5600H/ 8GB/ 512GB SSD/ Win11 Home/ 4GB Graph),Lenovo,63590,63.0,AMD,Ryzen 5,5.0,6.0,12.0,8.0,DDR4,512,0,15.6,1920x1080,2073600.0,False,GTX 1650,4,True,Windows 11,1
783,Lenovo IdeaPad Gaming 3 15IHU6 82K101M5IN Laptop (11th Gen Core i5/ 16GB/ 512GB SSD/ Win11 Home/ 4GB Graph),Lenovo,54990,64.0,Intel,Core i5,11.0,4.0,8.0,16.0,DDR4,512,0,15.6,1920x1080,2073600.0,False,GTX 1650,4,True,Windows 11,1
784,HP 14-em0026AU Laptop (AMD Ryzen 5 7520U/ 8GB/ 512GB SSD/ Win11 Home),HP,43400,54.0,AMD,Ryzen 5,7.0,4.0,8.0,8.0,LPDDR5,512,0,14.0,1920x1080,2073600.0,False,Integrated,0,False,Windows 11,1
785,MSI GF75 Thin 10SCXR-007IN Laptop (10th Gen Core i7/ 8GB/ 512GB SSD/ Win10/ 4GB Graph),MSI,83500,64.0,Intel,Core i7,10.0,6.0,12.0,8.0,DDR4,512,0,17.3,1920x1080,2073600.0,False,GTX 1650,4,True,Windows 10,1
786,MSI Cyborg 15 A12VF-049IN Gaming Laptop (12th Gen Core i7/ 16GB/ 512GB SSD/ Win11 Home/ 8GB Graph),MSI,109990,73.0,Intel,Core i7,12.0,10.0,16.0,16.0,DDR5,512,0,15.6,1920x1080,2073600.0,False,RTX 4060,8,True,Windows 11,2
787,Dell Vostro 5620 Laptop (12th Gen Core i3/ 8GB/ 512GB SSD/ Win11),Dell,46899,55.0,Intel,Core i3,12.0,6.0,8.0,8.0,DDR4,512,0,16.0,1920x1080,2073600.0,False,Integrated,0,False,Windows 11,1
788,Lenovo ‎ThinkPad E14 Gen 4 21E3S06Q00 Laptop (12th Gen Core i3/ 8GB/ 512GB SSD/ DOS),Lenovo,47999,53.0,Intel,Core i3,12.0,6.0,8.0,8.0,DDR4,512,0,14.0,1920x1080,2073600.0,False,Integrated,0,False,DOS,1
789,Asus TUF Gaming F15 2022 FX507ZC4-HN116W Gaming Laptop (12th Gen Core i5/ 16GB/512GB SSD/ Win11 / 4GB Graph),Asus,72990,71.0,Intel,Core i5,12.0,12.0,16.0,16.0,DDR4,512,0,15.6,1920x1080,2073600.0,False,RTX 3050,4,True,Windows 11,1
790,Lenovo IdeaPad Slim 3 82XQ008EIN Laptop (AMD Ryzen 3 7320U/ 8GB/ 512GB SSD/ Win11 Home),Lenovo,32590,53.0,AMD,Ryzen 3,7.0,4.0,8.0,8.0,LPDDR5,512,0,15.6,1920x1080,2073600.0,False,Integrated,0,False,Windows 11,1
791,Acer Aspire 3 A315-510P Laptop (Intel Core i3 N305/ 8GB/ 256GB SSD/ Win11 Home),Acer,31899,,Intel,Core i3,,8.0,8.0,8.0,DDR4,256,0,15.6,1920x1080,2073600.0,False,UHD Graphics,0,False,Windows 11,1
792,Dell Inspiron 16 5635 Laptop (AMD Ryzen 5 7530U/ 8GB/ 512GB SSD/ Win11),Dell,55990,59.0,AMD,Ryzen 5,7.0,6.0,12.0,8.0,LPDDR5,512,0,16.0,1920x1200,2304000.0,False,Radeon Graphics,0,False,Windows 11,1
793,Razer Blade 14 2023 Gaming Laptop (AMD Ryzen 9 7940HS/ 32GB/ 1TB SSD/ Win11 Home/ 8GB Graph),Other,199990,,AMD,Ryzen 9,7.0,8.0,16.0,32.0,DDR5,1024,0,14.0,2560x1600,4096000.0,False,RTX 4060,8,True,Windows 11,1
794,MSI Thin GF63 11UCX-1476IN Gaming Laptop (11th Gen Core i5/ 16GB/ 512GB SSD/ Win11 Home/ 4GB Graph),MSI,51490,66.0,Intel,Core i5,11.0,6.0,12.0,16.0,DDR4,512,0,15.6,1920x1080,2073600.0,False,RTX 2050,4,True,Windows 11,2
795,Acer Nitro 5 AN515-58 NH.QLZSI.001 Gaming Laptop (12th Gen Core i7/ 16GB/ 512GB SSD/ Win11/ 6GB Graph),Acer,89990,68.0,Intel,Core i7,12.0,10.0,16.0,16.0,DDR4,512,0,15.6,1920x1080,2073600.0,False,RTX 4050,6,True,Windows 11,1
796,Asus Vivobook 16X 2023 K3605ZF-MBN524WS Laptop (12th Gen Core i5/ 8GB/ 512GB SSD/ Win11 Home/ 4GB Graph),Asus,57990,65.0,Intel,Core i5,12.0,8.0,12.0,8.0,DDR4,512,0,16.0,1920x1200,2304000.0,False,RTX 2050,4,True,Windows 11,1
797,Acer Aspire 5 A514-56M 2023 Gaming Laptop (13th Gen Core i5/ 8GB/ 512GB SSD/ Win11 Home),Acer,53990,,Intel,Core i5,13.0,10.0,12.0,8.0,LPDDR5,512,0,14.0,1920x1200,2304000.0,False,Iris Xe Graphics,0,False,Windows 11,1
798,MSI Bravo 15 C7VFK-087IN Gaming Laptop (AMD Ryzen 7 7735HS/ 16GB/ 1TB SSD/ Win11 Home/ 8GB Graph),MSI,99990,74.0,AMD,Ryzen 7,7.0,8.0,16.0,16.0,DDR5,1024,0,15.6,1920x1080,2073600.0,False,RTX 4060,8,True,Windows 11,1
799,MSI Bravo 15 C7UDXK-092IN Gaming Laptop (AMD Ryzen 7 7735HS/ 16 GB RAM/ 512 GB SSD/ Win 11/ 6 GB Graphics),MSI,95000,66.0,AMD,Ryzen 7,7.0,8.0,16.0,16.0,DDR4,512,0,15.6,1920x1080,2073600.0,False,RTX 3050,6,True,Windows 11,2
800,MSI Bravo 15 C7UCXK-095IN Gaming Laptop (AMD Ryzen 5 7535HS/ 8 GB RAM/ 512 GB SSD/ Win 11/ 4 GB Graphics),MSI,53990,61.0,AMD,Ryzen 5,7.0,6.0,12.0,8.0,DDR4,512,0,15.6,1920x1080,2073600.0,False,RTX 2050,4,True,Windows 11,2
801,MSI Bravo 15 C7UDXK-093IN Gaming Laptop (AMD Ryzen 5 7535HS/ 16 GB RAM/ 512 GB SSD/ Win 11/ 6 GB Graphics),MSI,74990,65.0,AMD,Ryzen 5,7.0,6.0,12.0,16.0,DDR4,512,0,15.6,1920x1080,2073600.0,False,RTX 3050,6,True,Windows 11,2
802,MSI Bravo 17 C7VFK-034IN Gaming Laptop (AMD Ryzen 7 7735HS/ 16GB/ 1TB SSD/ Win11 Home/8GB Graph),MSI,107990,74.0,AMD,Ryzen 7,7.0,8.0,16.0,16.0,DDR5,1024,0,17.3,1920x1080,2073600.0,False,RTX 4060,8,True,Windows 11,1
803,Asus TUF Gaming F15 2022 FX507ZC4-HN115W Gaming Laptop (12th Gen Core i5/ 8GB/512GB SSD/ Win11 / 4GB Graph),Asus,70990,68.0,Intel,Core i5,12.0,12.0,16.0,8.0,DDR5,512,0,15.6,1920x1080,2073600.0,False,RTX 3050,4,True,Windows 11,1
804,MSI Bravo 17 C7VEK-035IN Gaming Laptop (AMD Ryzen 7 7735HS/ 16GB/ 1TB SSD/ Win11 Home/ 6GB Graph),MSI,94990,72.0,AMD,Ryzen 7,7.0,8.0,16.0,16.0,DDR5,1024,0,17.3,1920x1080,2073600.0,False,RTX 4050,6,True,Windows 11,1
805,Asus Vivobook 15 X1502ZA-EJ541WS Laptop (12th Gen Core i5/ 16GB/ 512GB SSD/ Win11),Asus,52990,62.0,Intel,Core i5,12.0,12.0,16.0,16.0,DDR4,512,0,15.6,1920x1080,2073600.0,False,Integrated,0,False,Windows 11,1
806,MSI Thin GF63 11UCX-1471IN Gaming Laptop (11th Gen Core i5/ 8GB/ 512GB SSD/ Win11 Home/ 4GB Graph),MSI,48990,62.0,Intel,Core i5,11.0,6.0,12.0,8.0,DDR4,512,0,15.6,1920x1080,2073600.0,False,RTX 2050,4,True,Windows 11,2
807,MSI Bravo 15 C7VEK-088IN Gaming Laptop (AMD Ryzen 7 7735HS/ 16GB/ 1TB SSD/ Win11 Home/ 6GB Graph),MSI,92990,72.0,AMD,Ryzen 7,7.0,8.0,16.0,16.0,DDR5,1024,0,15.6,1920x1080,2073600.0,False,RTX 4050,6,True,Windows 11,1
808,Asus Vivobook 15 X1504ZA-NJ521WS Laptop (12th Gen Core i5/ 8GB/ 512GB SSD/ Win11),Asus,47890,54.0,Intel,Core i5,12.0,10.0,12.0,8.0,DDR4,512,0,15.6,1920x1080,2073600.0,False,Iris Xe Graphics,0,False,Windows 11,1
809,MSI Bravo 15 C7VEK-089IN Gaming Laptop (AMD Ryzen 5 7535HS/ 16GB/ 512GB SSD/ Win11 Home/ 6GB Graph),MSI,77990,70.0,AMD,Ryzen 5,7.0,6.0,12.0,16.0,DDR5,512,0,15.6,1920x1080,2073600.0,False,RTX 4050,6,True,Windows 11,1
810,HP 255 G9 7M654PA Laptop (12th Gen Core i3/ 8GB/ 512 GB SSD/ Win11),HP,38900,57.0,Intel,Core i3,12.0,6.0,8.0,8.0,DDR4,512,0,15.6,1366x768,1049088.0,False,Radeon Graphics,0,False,Windows 11,1
811,HP Pavilion 15-eg3079TU Laptop (13th Gen Core i5/ 16GB/ 512GB SSD/ Win11 Pro),HP,69990,62.0,Intel,Core i5,13.0,12.0,16.0,16.0,DDR4,512,0,15.6,1920x1080,2073600.0,False,Iris Xe Graphics,0,False,Windows 11,1
812,Dell Inspiron 5620 ICC-C783531WIN8 Laptop (12th Gen Core i5/ 16GB/ 512GB SSD/ Win11/ 2GB Graph),Dell,69190,69.0,Intel,Core i5,12.0,12.0,16.0,16.0,DDR4,512,0,16.0,1920x1080,2073600.0,False,Integrated,2,True,Windows 11,1
813,Lenovo ThinkPad T14 2022 Laptop (12th Gen Core i7/ 16GB/ 512GB SSD/ Win11 Pro),Lenovo,94990,69.0,Intel,Core i7,12.0,12.0,16.0,16.0,DDR4,512,0,14.0,1920x1200,2304000.0,False,Iris Xe Graphics,0,False,Windows 11,1
814,MSI Modern 14 C12M-670IN Laptop (12th Gen Core i7/ 8GB/ 512GB SSD/ Win11 Home) Price,MSI,60990,57.0,Intel,Core i7,12.0,10.0,12.0,8.0,DDR4,512,0,14.0,1920x1080,2073600.0,False,Integrated,0,False,Windows 11,1
815,Dell XPS 17 9730 Laptop (13th Gen Core i9/ 32GB/ 1TB SSD/ Win11/ 8GB Graph),Dell,355490,,Intel,Core i9,13.0,14.0,20.0,32.0,DDR5,1024,0,17.0,3840x2400,9216000.0,True,RTX 4070,8,True,Windows 11,1
816,MSI Thin GF63 11UC-1475IN Gaming Laptop (11th Gen Core i5/ 8GB/ 512GB SSD/ Win11 Home/ 4GB Graph),MSI,51990,65.0,Intel,Core i5,11.0,6.0,12.0,8.0,DDR4,512,0,15.6,1920x1080,2073600.0,False,RTX 3050,4,True,Windows 11,2
817,MSI Thin GF63 11UC-1474IN Gaming Laptop (11th Gen Core i5/ 16GB/ 512GB SSD/ Win11 Home/ 4GB Graph),MSI,51990,66.0,Intel,Core i5,11.0,6.0,12.0,16.0,DDR4,512,0,15.6,1920x1080,2073600.0,False,RTX 3050,4,True,Windows 11,2
818,Dell XPS 17 9730 Laptop (13th Gen Core i7/ 32GB/ 1TB SSD/ Win11/ 8GB Graph),Dell,303490,,Intel,Core i7,13.0,14.0,20.0,32.0,DDR5,1024,0,17.0,3840x2400,9216000.0,True,RTX 4060,8,True,Windows 11,1
819,Dell XPS 13 Plus 9320 2023 Laptop (13th Gen Core i7/ 32GB/ 1TB SSD/ Win11),Dell,202490,79.0,Intel,Core i7,13.0,12.0,16.0,32.0,LPDDR5,1024,0,13.4,3840x2400,9216000.0,True,Iris Xe Graphics,0,False,Windows 11,1
820,MSI Prestige 13 Evo A12M-085IN Laptop (12th Gen Core i5/ 8GB/ 512GB SSD/Win11 Home),MSI,77990,61.0,Intel,Core i5,12.0,12.0,16.0,8.0,LPDDR5,512,0,13.3,1920x1200,2304000.0,False,Integrated,0,False,Windows 11,2
821,Dell XPS 9530 2023 Laptop (13th Gen Core i7/ 32GB/ 1TB SSD/ Win11/ 6GB Graph),Dell,249990,,Intel,Core i7,13.0,14.0,20.0,32.0,DDR5,1024,0,15.6,3456x2160,7464960.0,True,RTX 4050,6,True,Windows 11,1
822,MSI Modern 14 C12M-671IN Laptop (12th Gen Core i7/ 16GB/ 512GB SSD/ Win11 Home),MSI,50990,59.0,Intel,Core i7,12.0,10.0,12.0,16.0,DDR4,512,0,14.0,1920x1080,2073600.0,False,Integrated,0,False,Windows 11,1
823,Lenovo Legion Slim 7i 2023 Gaming Laptop (13th Gen Core i5/ 16GB/ 1TB SSD/ Win11 Home/ 8GB Graph),Lenovo,157544,69.0,Intel,Core i5,13.0,12.0,16.0,16.0,DDR5,1024,0,16.0,3200x2000,6400000.0,False,RTX 4060,8,True,Windows 11,1
824,Lenovo Legion Pro 7i 2023 Gaming Laptop (13th Gen Core i9/ 32GB/ 1TB SSD/ Win11 Home/ 12GB Graph),Lenovo,286200,,Intel,Core i9,13.0,24.0,32.0,32.0,DDR5,1024,0,16.0,2560x1600,4096000.0,False,RTX 4080,12,True,Windows 11,1
825,Lenovo Thinkpad E14 G4 21E3006UIG Laptop (12th Gen Core i5/ 8GB/ 512GB SSD/ DOS),Lenovo,64390,59.0,Intel,Core i5,12.0,10.0,12.0,8.0,DDR4,512,0,14.0,1920x1080,2073600.0,False,Iris Xe Graphics,0,False,DOS,1
826,Lenovo Thinkpad E14 G4 21E3S02M00 Laptop (12th Gen Core i7/ 16GB/ 512GB SSD/ Win11 Pro),Lenovo,124000,69.0,Intel,Core i7,12.0,10.0,12.0,16.0,DDR4,512,0,14.0,1920x1080,2073600.0,False,Iris Xe Graphics,0,False,Windows 11,1
827,Lenovo Legion Pro 5 82WM00B5IN 2023 Gaming Laptop (AMD Ryzen 7 7745HX/ 16GB/ 1TB SSD/ Win11 Home/ 8GB Graph),Lenovo,142190,75.0,AMD,Ryzen 7,7.0,8.0,16.0,16.0,DDR5,1024,0,16.0,2560x1600,4096000.0,False,RTX 4060,8,True,Windows 11,1
828,Lenovo V15 G3 IAP 82TTA00UIH Laptop (12th Gen Core i3/ 8GB/ 512GB SSD/ DOS),Lenovo,32500,50.0,Intel,Core i3,12.0,6.0,8.0,8.0,DDR4,512,0,15.6,1920x1080,2073600.0,False,Integrated,0,False,DOS,1
829,LG Gram 17 2023 17Z90R-G.CH77A2 Laptop (13th Gen Core i7/ 16GB/ 1TB SSD/ Win11/ 4GB Graphic),LG,146990,73.0,Intel,Core i7,13.0,12.0,16.0,16.0,LPDDR5,1024,0,17.0,1600x2560,4096000.0,False,RTX 3050,4,True,Windows 11,1
830,LG Gram 14 2023 14Z90R Laptop (13th Gen Core i5/ 8GB/ 512GB SSD/ Win11),LG,127000,68.0,Intel,Core i5,13.0,12.0,16.0,8.0,LPDDR5,512,0,14.0,1200x1920,2304000.0,True,Iris Xe Graphics,0,False,Windows 11,1
831,LG UltraPC 16 16U70R-G.AH76A2 Laptop (AMD Ryzen7-7730U/ 16GB/ 512GB SSD/ Win11),LG,89799,70.0,AMD,Ryzen 7,7.0,8.0,16.0,16.0,DDR4,512,0,16.0,1920x1200,2304000.0,True,Integrated,0,False,Windows 11,1
832,Dell Inspiron 3525 D560927WIN9S Laptop (AMD Ryzen 5-5500U/ 8GB/ 512GB SSD/ Win11),Dell,38999,51.0,AMD,Ryzen 5,5.0,6.0,12.0,8.0,DDR4,512,0,15.6,1920x1080,2073600.0,False,Integrated,0,False,Windows 11,1
833,AXL Vayu Book LAP02 Laptop (Celeron N4020/ 4GB/ 256GB SSD / Win11 Home),Other,15990,,Intel,Celeron,,2.0,2.0,4.0,DDR4,256,0,15.6,1920x1080,2073600.0,False,UHD Graphics,0,False,Windows 11,1
834,AXL Vayu Book LAP01 Laptop (Celeron N4020/ 4GB/ 128GB SSD / Win11 Home),Other,12990,,Intel,Celeron,,2.0,2.0,4.0,DDR4,128,0,14.1,1920x1080,2073600.0,False,UHD Graphics,0,False,Windows 11,1
835,MSI Modern 14 C12M-444IN Laptop (12th Gen Core i3/ 16GB/ 512GB SSD/ Win11 Home),MSI,34990,55.0,Intel,Core i3,12.0,6.0,8.0,16.0,DDR4,512,0,14.0,1920x1080,2073600.0,False,Integrated,0,False,Windows 11,1
836,MSI Modern 14 C7M-218IN Laptop (Ryzen 7 7730U/ 16GB/ 512GB SSD/ Win11),MSI,52990,61.0,AMD,Ryzen 7,7.0,8.0,16.0,16.0,DDR4,512,0,14.0,1920x1080,2073600.0,False,Integrated,0,False,Windows 11,1
837,Lenovo S14 82TW0019IH Laptop (12th Gen Core i5/ 8GB/ 512GB SSD/ Win11 Home),Lenovo,45490,52.0,Intel,Core i5,12.0,10.0,12.0,8.0,DDR4,512,0,14.0,1920x1080,2073600.0,False,UHD Graphics,0,False,Windows 11,1
838,Asus Vivobook 14X 90NB11H2-M004D0 Laptop (12th Gen Core i5/ 16GB/ 512GB SSD/ Win11/4 GB Graphics),Asus,64990,64.0,Intel,Core i5,12.0,8.0,12.0,16.0,DDR4,512,0,14.0,1920x1200,2304000.0,False,RTX 2050,4,True,Windows 11,1
839,HP Pavilion 15-EH3101AU Laptop (AMD Ryzen 7-7730U/ 16GB/ 512GB SSD/ Win11 Home),HP,58800,63.0,AMD,Ryzen 7,7.0,8.0,16.0,16.0,DDR4,512,0,15.6,1920x1080,2073600.0,False,Integrated,0,False,Windows 11,1
840,Lenovo V15 G2 ALC 82KDA01YIH Laptop (AMD Ryzen 5 5500U/ 8GB/ 512GB SSD/ DOS),Lenovo,33990,,AMD,Ryzen 5,5.0,6.0,12.0,8.0,DDR4,512,0,15.6,1920x1080,2073600.0,False,Integrated,0,False,DOS,1
841,Asus Vivobook Pro 15 M6500QF-HN741WS  Laptop (Ryzen 7 5800H/ 16GB/ 512GB SSD/ Win11/ 4GB Graph),Asus,62990,60.0,AMD,Ryzen 7,5.0,8.0,16.0,16.0,DDR4,512,0,15.6,1920x1080,2073600.0,False,RTX 2050,4,True,Windows 11,1
842,Asus Vivobook Pro 15 M6500QF-HN521WS Laptop (Ryzen 5 5600HS/ 8GB/ 512GB SSD/ Win11/ 4GB Graph),Asus,49990,56.0,AMD,Ryzen 5,5.0,6.0,12.0,8.0,DDR4,512,0,15.6,1920x1080,2073600.0,False,RTX 2050,4,True,Windows 11,1
843,HP Victus 16 16-d0309TX Laptop (11th Gen Core i5/ 8GB/ 512GB SSD/ Win11 Home/ 4GB Graph),HP,56999,65.0,Intel,Core i5,11.0,6.0,12.0,8.0,DDR4,512,0,16.1,1920x1080,2073600.0,False,GTX 1650,4,True,Windows 11,1
844,Lenovo V15 G4 82YU00W6IN Laptop (AMD Ryzen 3 7320U/ 8GB/ 512GB SSD/ DOS),Lenovo,27490,51.0,AMD,Ryzen 3,7.0,4.0,8.0,8.0,LPDDR5,512,0,15.6,1920x1080,2073600.0,False,Radeon Graphics,0,False,DOS,1
845,Asus VivoBook 14 X415EA-EK326WS Notebook (11th Gen Core i3/ 8GB/ 512GB SSD/ Win11 Home),Asus,31990,54.0,Intel,Core i3,11.0,2.0,4.0,8.0,DDR4,512,0,14.0,1920x1080,2073600.0,False,Integrated,0,False,Windows 11,1
846,Acer Aspire 7 A715-76G UN.QMESI.004 Gaming Laptop (12th Gen Core i5/ 16GB/ 512GB SSD/ Win11 Home/ 4GB Graph),Acer,54189,63.0,Intel,Core i5,12.0,8.0,12.0,16.0,DDR4,512,0,15.6,1920x1080,2073600.0,False,GTX 1650,4,True,Windows 11,1
847,Dell Alienware x14 R2 Gaming Laptop (13th Gen Core i7/ 16GB/ 1TB SSD/ Win 11/ 6GB Graph),Dell,199990,71.0,Intel,Core i7,13.0,10.0,16.0,16.0,LPDDR5,1024,0,14.0,2560x1600,4096000.0,False,RTX 4050,6,True,Windows 11,1
848,Asus VivoBook 15 X515EA-EJ328WS Laptop (11th Gen Core i3/ 8GB/ 512GB SSD/ Win11),Asus,35083,50.0,Intel,Core i3,11.0,2.0,4.0,8.0,DDR4,512,0,15.6,1920x1080,2073600.0,False,Integrated,0,False,Windows 11,1
849,Dell Vostro 5630 Laptop (13th Gen Core i7/ 16GB/ 512GB SSD/ Win11),Dell,95590,61.0,Intel,Core i7,13.0,10.0,12.0,16.0,DDR4,512,0,16.0,1920x1080,2073600.0,False,Integrated,0,False,Windows 11,1
850,Lenovo V15 G3 IAP Laptop (12th Gen Core i3/ 8GB/ 512GB SSD/Win11),Lenovo,33990,50.0,Intel,Core i3,12.0,6.0,8.0,8.0,DDR4,512,0,15.6,1920x1080,2073600.0,False,Integrated,0,False,Windows 11,1
851,Lenovo Thinkpad E14 20TA00J2IG Laptop (11th Gen Core i5/ 16GB/ 512GB SSD/ Win11 Pro),Lenovo,65000,57.0,Intel,Core i5,11.0,4.0,8.0,16.0,DDR4,512,0,14.0,1920x1080,2073600.0,False,Iris Xe Graphics,0,False,Windows 11,3
852,Lenovo V14 G3 IAP Laptop (12th Gen Core i5/ 8GB/ 512GB SSD/ Win11),Lenovo,45990,52.0,Intel,Core i5,12.0,10.0,12.0,8.0,DDR4,512,0,14.0,1920x1080,2073600.0,False,Integrated,0,False,Windows 11,1
853,Lenovo V14 G3 IAP Laptop (12th Gen Core i3/ 8GB/ 512GB SSD/ Win11),Lenovo,32490,50.0,Intel,Core i3,12.0,6.0,8.0,8.0,DDR4,512,0,14.0,1920x1080,2073600.0,False,Integrated,0,False,Windows 11,1
854,Lenovo V15 G3 Laptop (12th Gen Core i5/ 8GB/ 512GB SSD/Win11),Lenovo,45900,52.0,Intel,Core i5,12.0,10.0,12.0,8.0,DDR4,512,0,15.6,1920x1080,2073600.0,False,Integrated,0,False,Windows 11,1
855,Lenovo V15 G3 ‎‎82C7007SGE Laptop (AMD Ryzen 3 7320U/ 8GB/ 512GB SSD/ Win11 Home),Lenovo,27130,55.0,AMD,Ryzen 3,7.0,4.0,8.0,8.0,DDR4,512,0,15.6,1920x1080,2073600.0,False,Radeon Graphics,0,False,Windows 11,1
856,Lenovo IdeaPad Slim 3 82H803B6IN Laptop (11th Gen Core i7/ 16GB/ 512GB SSD/ Win11),Lenovo,56900,61.0,Intel,Core i7,11.0,4.0,8.0,16.0,DDR4,512,0,15.6,1920x1080,2073600.0,False,Iris Xe Graphics,0,False,Windows 11,1
857,Dell Inspiron 5630 2023 Laptop (13th Gen Core i5 1335U/ 16GB/ 512GB SSD/ Win11),Dell,79990,63.0,Intel,Core i5,13.0,10.0,12.0,16.0,LPDDR5,512,0,16.0,2560x1600,4096000.0,False,Iris Xe Graphics,0,False,Windows 11,1
858,HP 15s-ey1509AU Laptop (AMD Athlon Silver 3050U/ 8GB/ 512GB SSD/ Win11),HP,27490,,AMD,Athlon,3.0,2.0,2.0,8.0,DDR4,512,0,15.6,1366x768,1049088.0,False,Integrated,0,False,Windows 11,1
859,Dell 2023 ‎G16-7630 Gaming Laptop (13th Gen Core i7/ 32GB/ 1TB SSD/ Win11/ 8GB Graph),Dell,166490,78.0,Intel,Core i7,13.0,14.0,,32.0,DDR5,1024,0,16.0,2560x1600,4096000.0,False,RTX 4060,8,True,Windows 11,1
860,Dell ‎G16-7630 2023 Gaming Laptop (13th Gen Core i7/ 16GB/ 1TB SSD/ Win11/ 8GB Graph),Dell,139990,74.0,Intel,Core i7,13.0,14.0,,16.0,DDR5,1024,0,16.0,2560x1600,4096000.0,False,RTX 4060,8,True,Windows 11,1
861,Dell Inspiron 3530 Laptop (13th Gen Core i5/ 8GB/ 512GB SSD/ Win11 Home),Dell,57990,51.0,Intel,Core i5,13.0,10.0,12.0,8.0,DDR4,512,0,15.6,1920x1080,2073600.0,False,Integrated,0,False,Windows 11,1
862,HP Victus 16-d0302TX Gaming Laptop (11th Gen Core i5/ 8GB/ 512GB SSD/ Win11/ 4GB Graph),HP,55999,65.0,Intel,Core i5,11.0,6.0,12.0,8.0,DDR4,512,0,16.1,1920x1080,2073600.0,False,GTX 1650,4,True,Windows 11,1
863,MSI Stealth 17 Studio A13VG-024IN Gaming Laptop (13th Gen Core i7/ 32GB/ 2TB SSD/ Win11 Home/ 8GB Graph),MSI,210990,,Intel,Core i7,13.0,14.0,20.0,32.0,DDR5,2048,0,17.3,2560x1440,3686400.0,False,RTX 4070,8,True,Windows 11,2
864,Dell Inspiron 7430 IC7430FD64T001ORS1 Laptop (13th Gen Core i7/ 16GB/ 512GB SSD/ Win11),Dell,99950,59.0,Intel,Core i7,13.0,10.0,12.0,16.0,LPDDR5,512,0,14.0,1920x1200,2304000.0,True,Iris Xe Graphics,0,False,Windows 11,1
865,HP Omen 17-cm2003TX Gaming Laptop (13th Gen Core i7/ 16GB/ 1TB SSD/ Win11 Home/ 8GB Graph),HP,156990,79.0,Intel,Core i7,13.0,16.0,24.0,16.0,DDR5,1024,0,17.3,2560x1440,3686400.0,False,m2,8,True,Windows 11,1
866,Dell Inspiron 7430 IC7430VVR8C001ORS1 Laptop (13th Gen Core i5/ 16GB/ 512GB SSD/ Win11),Dell,80490,56.0,Intel,Core i5,13.0,10.0,12.0,16.0,LPDDR5,512,0,14.0,1920x1200,2304000.0,True,Iris Xe Graphics,0,False,Windows 11,1
867,HP 14s-dr3003TU 832T7PA Laptop (Pentium Silver N6000/ 8GB/ 512GB SSD/ Win11 Home),HP,26990,,Intel,Pentium,,4.0,4.0,8.0,DDR4,512,0,14.0,1366x768,1049088.0,False,UHD Graphics,0,False,Windows 11,1
868,Apple MacBook Air 15 2023 Laptop (Apple M2/ 8GB/ 512GB SSD/ MacOS),Apple,131590,54.0,Apple,M2,,8.0,,8.0,DDR4,512,0,15.3,2880x1864,5368320.0,False,M2,0,False,Mac OS,1
869,Dell Inspiron 15 3530 Laptop (13th Gen Core i3/ 8GB/ 512GB SSD/ Win11 Home),Dell,40990,52.0,Intel,Core i3,13.0,5.0,6.0,8.0,DDR4,512,0,15.6,1920x1080,2073600.0,False,Integrated,0,False,Windows 11,1
870,Lenovo Legion 5 Pro 2023 Gaming Laptop (13th Gen Core i7/ 32GB/ 1TB SSD/ Win11/ 16GB Graph),Lenovo,172990,77.0,Intel,Core i7,13.0,14.0,20.0,32.0,DDR5,1024,0,16.0,2560x1600,4096000.0,False,RTX 4090,16,True,Windows 11,1
871,Infinix INBook X2 Slim Series XL23 Laptop (11th Gen Core i5/ 16GB/ 512GB SSD/ Win 11 Home),Infinix,34990,54.0,Intel,Core i5,11.0,4.0,8.0,16.0,LPDDR4X,512,0,14.0,1920x1080,2073600.0,False,Integrated,0,False,Windows 11,1
872,Asus Eeebook 15 E510MA-EJ021WS Laptop (Intel Celeron N4020/ 8GB/ 512GB SSD/ Win11 Home),Asus,27990,,Intel,Celeron,,2.0,2.0,8.0,DDR4,512,0,15.6,1920x1080,2073600.0,False,Integrated,0,False,Windows 11,1
873,Dell Inspiron 3520 D560872WIN9S Laptop (12th Gen Core i5/ 16GB/ 512GB SSD/ Win11),Dell,52000,57.0,Intel,Core i5,12.0,10.0,12.0,16.0,DDR4,512,0,15.6,1920x1080,2073600.0,False,UHD Graphics,0,False,Windows 11,1
874,Dell Inspiron 5430 IN54304D6P9M01ORS1 Laptop (13th Gen Core i7/ 16GB/ 512GB SSD/ Win11),Dell,88990,53.0,Intel,Core i7,13.0,10.0,12.0,16.0,LPDDR5,512,0,14.0,1920x1080,2073600.0,False,Iris Xe Graphics,0,False,Windows 11,1
875,Dell Inspiron 5430 IN54308TR2G001ORS1 Laptop (13th Gen Core i5/ 16GB/ 512GB SSD/ Win11),Dell,67890,,Intel,Core i5,13.0,10.0,12.0,16.0,LPDDR5,512,0,14.0,1920x1080,2073600.0,False,Iris Xe Graphics,0,False,Windows 11,1
876,Dell Inspiron 5430 IN5430YXVW9M01ORS1 Laptop (13th Gen Core i5/ 8GB/ 512GB SSD/ Win11),Dell,59290,53.0,Intel,Core i5,13.0,10.0,12.0,8.0,LPDDR5,512,0,14.0,1920x1080,2073600.0,False,Iris Xe Graphics,0,False,Windows 11,1
877,Asus Vivobook 15 X515EA-EJ542WS Laptop (11th Gen Core i5/ 16GB/ 512GB SSD/ Win11),Asus,44999,53.0,Intel,Core i5,11.0,4.0,8.0,16.0,DDR4,512,0,15.6,1920x1080,2073600.0,False,Integrated,0,False,Windows 11,1
878,Dell Inspiron 3530 IN3530NM1NN001ORS1 Laptop (13th Gen Core i5/ 8GB/ 512GB SSD/ Win11 Home),Dell,63220,50.0,Intel,Core i5,13.0,10.0,12.0,8.0,DDR4,512,0,15.6,1920x1080,2073600.0,False,M1,0,False,Windows 11,1
879,Acer One 14 Z8-415 Laptop (11th Gen Core i3 / 8GB/ 512GB SSD/ Win11 Home),Acer,34880,54.0,Intel,Core i3,11.0,2.0,4.0,8.0,DDR4,512,0,14.0,1920x1080,2073600.0,False,Iris Xe Graphics,0,False,Windows 11,1
880,MSI Creator Z17 HX Studio A13V Laptop,MSI,247999,,Intel,Core i9,13.0,14.0,20.0,32.0,DDR5,1024,0,17.0,2560x1600,4096000.0,False,RTX 4070,8,True,Windows 11,3
881,Dell Inspiron 7630 IC7630GHHRH001ORS1 2 in 1 Laptop (13th Gen Core i5/ 8GB/ 512GB SSD/ Win11 Home),Dell,94490,63.0,Intel,Core i5,13.0,10.0,12.0,8.0,LPDDR5,512,0,16.0,1920x1200,2304000.0,True,Iris Xe Graphics,0,False,Windows 11,1
882,HP Victus 15-fb0131AX Gaming Laptop (AMD Ryzen 5 5600H/ 8GB/ 512GB SSD/ Win11/ 4GB Graph),HP,58800,61.0,AMD,Ryzen 5,5.0,6.0,12.0,8.0,DDR4,512,0,15.6,1920x1080,2073600.0,False,Radeon RX 5600M,4,True,Windows 11,1
883,Asus Vivobook 16 2023 M1605YA-MB521WS Laptop (Ryzen 5 7530U / 8GB/ 512GB SSD/ Win11 Home),Asus,47990,59.0,AMD,Ryzen 5,7.0,6.0,12.0,8.0,DDR4,512,0,16.0,1920x1200,2304000.0,False,M1,0,False,Windows 11,1
884,HP Victus 15-fb0133AX Gaming Laptop (AMD Ryzen 5 5600H/ 16GB/ 512GB SSD/ Win11/ 4GB Graph),HP,62687,63.0,AMD,Ryzen 5,5.0,6.0,12.0,16.0,DDR4,512,0,15.6,1920x1080,2073600.0,False,Radeon RX 5600M,4,True,Windows 11,1
885,MSI Stealth 16 Mercedes AMG Motorsport A13V Gaming Laptop (13th Gen Core i9/ 32GB/ 1TB SSD/ Win11 Home/ 8GB Graph),MSI,292990,,Intel,Core i9,13.0,14.0,20.0,32.0,DDR5,1024,0,16.0,3840x2400,9216000.0,False,RTX 4070,8,True,Windows 11,2
886,Asus Vivobook 15 X1502ZA-EJ542WS Laptop (12th Gen Core i5/ 16GB/ 512GB SSD/ Win11),Asus,52990,60.0,Intel,Core i5,12.0,12.0,16.0,16.0,DDR4,512,0,15.6,1920x1080,2073600.0,False,Integrated,0,False,Windows 11,1
887,HP Victus 15-fa0555TX  Laptop (12th Gen Core i5/ 16GB/ 512GB SSD/ Win11 Home/ 4GB Graph),HP,67990,66.0,Intel,Core i5,12.0,8.0,12.0,16.0,DDR4,512,0,15.6,1920x1080,2073600.0,False,RTX 3050,4,True,Windows 11,1
888,MSI Katana 15 B12UDXK-1017IN Gaming Laptop (12th Gen Core i7/ 8GB/ 512GB SSD/ Win11 Home/ 6GB Graph),MSI,82990,69.0,Intel,Core i7,12.0,10.0,16.0,8.0,DDR5,512,0,15.6,1920x1080,2073600.0,False,RTX 3050,6,True,Windows 11,2
889,HP 15s-fq3071TU Laptop (Intel Celeron N4500/ 8GB/ 512GB SSD/ Win11 Home),HP,27490,,Intel,Celeron,,2.0,2.0,8.0,DDR4,512,0,15.0,1366x768,1049088.0,False,UHD Graphics,0,False,Windows 11,1
890,HP Victus 15-fb0136AX Gaming Laptop (AMD Ryzen 5 5600H/ 16GB/ 512GB SSD/ Win11/ 4GB Graph),HP,59700,62.0,AMD,Ryzen 5,5.0,6.0,12.0,16.0,DDR4,512,0,15.6,1920x1080,2073600.0,False,RTX 3050,4,True,Windows 11,1
891,Asus Vivobook 15 M1502QA-EJ742WS Laptop (Ryzen 7 5800H/ 16GB/ 512GB SSD/ Win11),Asus,49990,53.0,AMD,Ryzen 7,5.0,8.0,16.0,16.0,DDR4,512,0,15.6,1920x1080,2073600.0,False,M1,0,False,Unspecified,1
892,Acer One 14 Business Z2-493 Laptop (Ryzen 3 3250U/ 8GB/ 512GB SSD/ Win11),Acer,25994,50.0,AMD,Ryzen 3,3.0,2.0,4.0,8.0,DDR4,512,0,14.0,1366x768,1049088.0,False,Radeon Graphics,0,False,Windows 11,1
893,HP Victus 15-fb0135AX Gaming Laptop (AMD Ryzen 5 5600H/ 8GB/ 512GB SSD/ Win11/ 4GB Graph),HP,59990,60.0,AMD,Ryzen 5,5.0,6.0,12.0,8.0,DDR4,512,0,15.6,1920x1080,2073600.0,False,RTX 3050,4,True,Windows 11,1
894,Asus Zenbook 14X OLED 2023 UM5401QA-KM751WS Laptop (Ryzen 7 5800HS / 16GB/ 1TB SSD/ Win11 Home),Asus,70990,61.0,AMD,Ryzen 7,5.0,8.0,16.0,16.0,LPDDR4X,1024,0,14.0,2880x1800,5184000.0,False,Integrated,0,False,Windows 11,1
895,Asus VivoBook 14 X415EA-EK344WS Notebook (11th Gen Core i3/ 16GB/ 512GB SSD/ Win11 Home),Asus,35990,59.0,Intel,Core i3,11.0,2.0,4.0,16.0,DDR4,512,0,14.0,1920x1080,2073600.0,False,Integrated,0,False,Windows 11,1
896,Acer Swift Edge 16 2023 Laptop (AMD Ryzen 7040 Series/ 16GB/ 1TB SSD/ Win11 Home),Acer,107399,54.0,AMD,,7.0,8.0,16.0,16.0,LPDDR5,1024,0,16.0,3840x2400,9216000.0,False,Integrated,0,False,Windows 11,1
897,Dell G15-5530 Gaming 2023 Laptop (13th Gen Core i7/ 16GB/ 512GB SSD/ Win11/ RTX 4060 8GB Graph),Dell,109990,71.0,Intel,Core i7,13.0,14.0,,16.0,DDR5,512,0,15.6,1920x1080,2073600.0,False,RTX 4060,8,True,Windows 11,1
898,Acer Aspire 5 A515-58P NX.KHJSI.001 Gaming Laptop (13th Gen Core i3/ 8GB/ 512GB SSD/ Win11 Home),Acer,38490,,Intel,Core i3,13.0,6.0,8.0,8.0,LPDDR5,512,0,15.6,1920x1080,2073600.0,False,UHD Graphics,0,False,Windows 11,1
899,HP Pavilion 15-eg3027TU Laptop (13th Gen Core i5/ 16GB/ 512GB SSD/ Win11 Home),HP,69490,61.0,Intel,Core i5,13.0,12.0,16.0,16.0,DDR4,512,0,15.6,1920x1080,2073600.0,False,Iris Xe Graphics,0,False,Windows 11,1
900,Dell ‎G16-7630 Gaming Laptop (13th Gen Core i9/ 16GB/ 1TB SSD/ Win11/ 8GB Graph),Dell,178490,75.0,Intel,Core i9,13.0,24.0,32.0,16.0,DDR5,1024,0,16.0,2560x1600,4096000.0,False,RTX 4060,8,True,Windows 11,1
901,Dell G15-5530 2023 Gaming Laptop (13th Gen Core i7/ 16GB/ 512GB SSD/ Win11/ RTX 4050 6GB Graph),Dell,106990,70.0,Intel,Core i7,13.0,14.0,,16.0,DDR5,512,0,15.6,1920x1080,2073600.0,False,RTX 4050,6,True,Windows 11,1
902,Dell G15-5530 GN5530VMMD9002ORB1 Gaming Laptop (13th Gen Core i7/ 16GB/ 512GB SSD/ Win11/ 6GB Graph),Dell,105990,69.0,Intel,Core i7,13.0,14.0,,16.0,DDR5,512,0,15.6,1920x1080,2073600.0,False,RTX 3050,6,True,Windows 11,1
903,Dell G15-5530 GN553064GRM002ORB1 Gaming Laptop (13th Gen Core i5/ 8GB/ 512GB SSD/ Win11/ 6GB Graph),Dell,73990,64.0,Intel,Core i5,13.0,10.0,16.0,8.0,DDR5,512,0,15.6,1920x1080,2073600.0,False,RTX 3050,6,True,Windows 11,1
904,Dell G15-5530 GN5530D83M6002ORB1 Gaming Laptop (13th Gen Core i5/ 16GB/ 512GB SSD/ Win11/ 6GB Graph),Dell,78990,66.0,Intel,Core i5,13.0,10.0,16.0,16.0,DDR5,512,0,15.6,1920x1080,2073600.0,False,RTX 3050,6,True,Windows 11,1
905,Dell G15-5530 Gaming Laptop (13th Gen Core i7/ 16GB/ 512GB SSD/ Win11/ RTX 4050 6GB Graph),Dell,122638,69.0,Intel,Core i7,13.0,14.0,,16.0,DDR5,512,0,15.6,1920x1080,2073600.0,False,RTX 4050,6,True,Windows 11,1
906,Xiaomi Redmi Book 14 2023 Laptop (12th Gen Core i5/ 16GB/ 512GB SSD/ Win 11),Xiaomi,43990,56.0,Intel,Core i5,12.0,12.0,16.0,16.0,DDR5,512,0,14.0,2880x1800,5184000.0,False,Iris Xe Graphics,0,False,Windows 11,1
907,Acer Aspire 5 A515-58M NX.KHGSI.002 Gaming Laptop (13th Gen Core i5/ 16GB/ 512GB SSD/ Win11 Home),Acer,53990,,Intel,Core i5,13.0,10.0,12.0,16.0,LPDDR5,512,0,15.6,1920x1080,2073600.0,False,Integrated,0,False,Windows 11,1
908,HP Pavilion x360 14-ek1020TU Laptop (13th Gen Core i7/ 16GB/ 512 GB SSD/ Win11),HP,89990,65.0,Intel,Core i7,13.0,10.0,12.0,16.0,DDR4,512,0,14.0,1920x1080,2073600.0,True,Integrated,0,False,Windows 11,1
909,Asus Vivobook 15X 2023 K3504VAB-NJ321WS Laptop (13th Gen Core i3/ 8GB/ 512GB SSD/ Win11 Home),Asus,39490,52.0,Intel,Core i3,13.0,6.0,8.0,8.0,DDR4,512,0,15.6,1920x1080,2073600.0,False,UHD Graphics,0,False,Windows 11,1
910,Acer Aspire Vero AV14-52P NX.KJSSI.002 Laptop (13th Gen Core i5/ 16GB/ 512GB SSD/ Win11 Home),Acer,59990,54.0,Intel,Core i5,13.0,10.0,12.0,16.0,LPDDR4X,512,0,14.0,1920x1080,2073600.0,False,Iris Xe Graphics,0,False,Windows 11,1
911,Acer Aspire Vero AV14-52P NX.KJTSI.002 Laptop (13th Gen Core i3/ 16GB/ 512GB SSD/ Win11 Home),Acer,49990,,Intel,Core i3,13.0,6.0,8.0,16.0,LPDDR4X,512,0,14.0,1920x1080,2073600.0,False,Integrated,0,False,Unspecified,1
912,Acer Aspire 5 A515-58M NX.KHFSI.001 Gaming Laptop (13th Gen Core i5/ 8GB/ 512GB SSD/ Win11 Home),Acer,55800,,Intel,Core i5,13.0,10.0,12.0,8.0,LPDDR5,512,0,15.6,1920x1080,2073600.0,False,Integrated,0,False,Windows 11,1
913,Asus TUF Gaming F15 2023 FX507VU-LP083WS Gaming Laptop (13th Gen Core i7/ 16GB/ 512GB SSD/ Win11 Home/ 6GB Graph),Asus,109990,69.0,Intel,Core i7,13.0,14.0,20.0,16.0,DDR4,512,0,15.6,1920x1080,2073600.0,False,RTX 4050,6,True,Windows 11,1
914,Asus TUF Gaming A15 2023 FA577XU-LP041WS Gaming Laptop (AMD Ryzen 9 7940HS/ 16GB/ 1TB SSD/ Win11 Home/ 6GB Graph),Asus,137990,75.0,AMD,Ryzen 9,7.0,8.0,16.0,16.0,DDR4,1024,0,15.6,1920x1080,2073600.0,False,RTX 4050,6,True,Windows 11,1
915,Huawei MateBook E 2023 Laptop (12th Gen Core i5/ 16GB/ 512GB SSD/ Win11),Other,88999,53.0,Intel,Core i5,12.0,10.0,12.0,16.0,DDR4,512,0,12.6,1600x2560,4096000.0,True,Iris Xe Graphics,0,False,Windows 11,1
916,Asus Vivobook 16X 2023 K3605ZF-MB541WS Laptop (12th Gen Core i5/ 16GB/ 512GB SSD/ Win11 Home/ 4GB Graph),Asus,64990,68.0,Intel,Core i5,12.0,8.0,12.0,16.0,DDR4,512,0,16.0,1920x1200,2304000.0,False,RTX 2050,4,True,Windows 11,1
917,Asus TUF Gaming A15 2023 FA577XV-HQ036WS Gaming Laptop (AMD Ryzen 9 7940HS/ 16GB/ 1TB SSD/ Win11 Home/ 8GB Graph),Asus,154990,,AMD,Ryzen 9,7.0,8.0,16.0,16.0,DDR5,1024,0,15.6,2560x1440,3686400.0,False,RTX 4060,8,True,Windows 11,1
918,Acer Aspire 5 A514-56GM Gaming Laptop (13th Gen Core i7/ 8GB/ 512GB SSD/ Win11 Home/ 4GB Graph),Acer,69990,62.0,Intel,Core i7,13.0,10.0,12.0,8.0,DDR4,512,0,14.0,1920x1080,2073600.0,False,RTX 2050,4,True,Windows 11,1
919,Lenovo IdeaPad Slim 5 82FG01B3IN Laptop (11th Gen Core i5/ 16GB/ 512GB SSD/ Win11 Home),Lenovo,54900,63.0,Intel,Core i5,11.0,4.0,8.0,16.0,DDR4,512,0,15.6,1920x1080,2073600.0,False,Iris Xe Graphics,0,False,Windows 11,1
920,MSI Bravo 15 B5ED-034IN Gaming Laptop (AMD Ryzen 7 5800H/ 8GB/ 512GB SSD/ Win11 Home/ 4GB Graph),MSI,59990,66.0,AMD,Ryzen 7,5.0,8.0,16.0,8.0,DDR4,512,0,15.6,1920x1080,2073600.0,False,Radeon RX6500M,4,True,Windows 11,1
